ticker,company,period,status,short_history_result,base_fiscal_year,end_fiscal_year,revenue_base_usd,revenue_end_usd,revenue_growth,eps_base_usd,eps_end_usd,eps_growth,notes,source_urls,revenue_comparability_warning,supplemental_revenue_base_usd,supplemental_revenue_end_usd,supplemental_revenue_growth,supplemental_revenue_note
ABBV,AbbVie,fiveYear,fail,,2020,2025,45804000000,61160000000,0.335254562920269,2.72,2.36,-0.13235294117647067,"AbbVie separated from Abbott in 2013. FY2009 is the earliest audited carve-out year in its initial registration. The later 2013 prospectus reports FY2009 diluted EPS using the actual distribution share count. Earlier FY2008 selected data are explicitly unaudited and excluded. This is a sixteen-year carve-out comparison, not a twenty-year stand-alone history.",https://www.sec.gov/Archives/edgar/data/1551152/000155115223000011/0001551152-23-000011-index.html | https://www.sec.gov/Archives/edgar/data/1551152/000155115226000008/0001551152-26-000008-index.html,,,,,
ABBV,AbbVie,twentyYear,short-history,fail,2009,2025,14214000000,61160000000,3.302800056282538,2.94,2.36,-0.19727891156462585,"AbbVie separated from Abbott in 2013. FY2009 is the earliest audited carve-out year in its initial registration. The later 2013 prospectus reports FY2009 diluted EPS using the actual distribution share count. Earlier FY2008 selected data are explicitly unaudited and excluded. This is a sixteen-year carve-out comparison, not a twenty-year stand-alone history. | AbbVie separated from Abbott in 2013. FY2009 is the earliest audited carve-out year in its initial registration. The later 2013 prospectus reports FY2009 diluted EPS using the actual distribution share count. Earlier FY2008 selected data are explicitly unaudited and excluded. This is a sixteen-year carve-out comparison, not a twenty-year stand-alone history.",https://www.sec.gov/Archives/edgar/data/1551152/000104746913007414/a2215864z424b3.htm | https://www.sec.gov/Archives/edgar/data/1551152/000155115226000008/0001551152-26-000008-index.html | https://query1.finance.yahoo.com/v8/finance/chart/ABBV?period1=1104537600&period2=1790812800&interval=1mo&events=splits | https://www.sec.gov/Archives/edgar/data/1551152/000104746912006434/a2209760zex-99_1.htm,,,,,
ABT,Abbott Laboratories,fiveYear,pass,,2020,2025,34608000000,44328000000,0.280859916782247,2.49,3.72,0.49397590361445776,Includes pharmaceutical business later separated as AbbVie; no fabricated pro forma restatement. | Historical EPS is retained as reported; comparable EPS is reported EPS divided by the verified remaining split factor.,https://www.sec.gov/Archives/edgar/data/1800/000162828023004026/0001628280-23-004026-index.html | https://www.sec.gov/Archives/edgar/data/1800/000162828026010185/0001628280-26-010185-index.html,,,,,
ABT,Abbott Laboratories,twentyYear,pass,,2005,2025,22337808000,44328000000,0.9844382224074986,2.16,3.72,0.7222222222222221,Includes pharmaceutical business later separated as AbbVie; no fabricated pro forma restatement. | Historical EPS is retained as reported; comparable EPS is reported EPS divided by the verified remaining split factor. | Includes pharmaceutical business later separated as AbbVie; no fabricated pro forma restatement.,https://www.sec.gov/Archives/edgar/data/1800/000104746906002258/a2167223z10-k.htm | https://www.sec.gov/Archives/edgar/data/1800/000162828026010185/0001628280-26-010185-index.html | https://query1.finance.yahoo.com/v8/finance/chart/ABT?period1=1104537600&period2=1790812800&interval=1mo&events=splits,,,,,
ADM,Archer Daniels Midland,fiveYear,fail,,2020,2025,64355000000,80269000000,0.24728459327169605,3.15,2.23,-0.292063492063492,"Fiscal year ended June 30, not calendar 2005. | Historical EPS is retained as reported; comparable EPS is reported EPS divided by the verified remaining split factor.",https://www.sec.gov/Archives/edgar/data/7084/000000708423000010/0000007084-23-000010-index.html | https://www.sec.gov/Archives/edgar/data/7084/000000708426000011/0000007084-26-000011-index.html,,,,,
ADM,Archer Daniels Midland,twentyYear,pass,,2005,2025,35943810000,80269000000,1.2331800663313097,1.59,2.23,0.40251572327044016,"Fiscal year ended June 30, not calendar 2005. | Historical EPS is retained as reported; comparable EPS is reported EPS divided by the verified remaining split factor. | Fiscal year ended June 30, not calendar 2005.",https://www.sec.gov/Archives/edgar/data/7084/000000708405000350/exhibit13.htm | https://www.sec.gov/Archives/edgar/data/7084/000000708426000011/0000007084-26-000011-index.html | https://query1.finance.yahoo.com/v8/finance/chart/ADM?period1=1104537600&period2=1790812800&interval=1mo&events=splits,,,,,
ADP,Automatic Data Processing,fiveYear,pass,,2020,2025,14589800000,20560900000,0.4092653771813184,5.7,9.98,0.7508771929824563,"As-reported GAAP, not the 1.48 adjusted/pro-forma stock compensation comparison; reflects reporting scope of 2006 filing. | Historical EPS is retained as reported; comparable EPS is reported EPS divided by the verified remaining split factor. | FY2026 annual results are available; FY2025 is retained for the common fiscal-year comparison.",https://www.sec.gov/Archives/edgar/data/8670/000000867022000038/0000008670-22-000038-index.html | https://www.sec.gov/Archives/edgar/data/8670/000000867026000030/0000008670-26-000030-index.html,,,,,
ADP,Automatic Data Processing,twentyYear,pass,,2005,2025,7983700000,20560900000,1.5753597955835015,1.69,9.98,4.905325443786983,"As-reported GAAP, not the 1.48 adjusted/pro-forma stock compensation comparison; reflects reporting scope of 2006 filing. | Historical EPS is retained as reported; comparable EPS is reported EPS divided by the verified remaining split factor. | FY2026 annual results are available; FY2025 is retained for the common fiscal-year comparison. | As-reported GAAP, not the 1.48 adjusted/pro-forma stock compensation comparison; reflects reporting scope of 2006 filing.",https://www.sec.gov/Archives/edgar/data/8670/000120677406001911/adp_10k1.htm | https://www.sec.gov/Archives/edgar/data/8670/000000867026000030/0000008670-26-000030-index.html | https://query1.finance.yahoo.com/v8/finance/chart/ADP?period1=1104537600&period2=1790812800&interval=1mo&events=splits,,,,,
AFL,Aflac,fiveYear,fail,,2020,2025,22147000000,17164000000,-0.2249966135368221,6.67,6.82,0.022488755622188883,Revenue includes investment income and realized gains as GAAP total revenue. | Historical EPS is retained as reported; comparable EPS is reported EPS divided by the verified remaining split factor.,https://www.sec.gov/Archives/edgar/data/4977/000000497723000055/0000004977-23-000055-index.html | https://www.sec.gov/Archives/edgar/data/4977/000162828026011402/0001628280-26-011402-index.html,,,,,
AFL,Aflac,twentyYear,pass,,2005,2025,14363000000,17164000000,0.19501496901761461,1.46,6.82,3.6712328767123292,Revenue includes investment income and realized gains as GAAP total revenue. | Historical EPS is retained as reported; comparable EPS is reported EPS divided by the verified remaining split factor. | Revenue includes investment income and realized gains as GAAP total revenue. | Historical reported EPS $2.92 divided by the verified remaining share-count factor 2 gives $1.46 on the endpoint share basis.,https://www.sec.gov/Archives/edgar/data/4977/000000497706000036/afl10k05.htm | https://www.sec.gov/Archives/edgar/data/4977/000162828026011402/0001628280-26-011402-index.html | https://www.sec.gov/Archives/edgar/data/4977/000000497718000073/ | https://www.sec.gov/Archives/edgar/data/4977/000000497718000114/ | https://query1.finance.yahoo.com/v8/finance/chart/AFL?period1=1104537600&period2=1790812800&interval=1mo&events=splits,,,,,
ALB,Albemarle Corporation,fiveYear,fail,,2020,2025,3128909000,5142733000,0.6436185903776683,3.52,-5.76,-2.6363636363636362,Historical shares in this 2006 filing incorporate a 2007 split; avoid double-adjusting it. | Historical EPS is retained as reported; comparable EPS is reported EPS divided by the verified remaining split factor.,https://www.sec.gov/Archives/edgar/data/915913/000091591323000039/0000915913-23-000039-index.html | https://www.sec.gov/Archives/edgar/data/915913/000091591326000018/0000915913-26-000018-index.html,,,,,
ALB,Albemarle Corporation,twentyYear,fail,,2005,2025,2107499000,5142733000,1.4402066145701613,1.2,-5.76,-5.8,Historical shares in this 2006 filing incorporate a 2007 split; avoid double-adjusting it. | Historical EPS is retained as reported; comparable EPS is reported EPS divided by the verified remaining split factor. | Historical shares in this 2006 filing incorporate a 2007 split; avoid double-adjusting it.,https://www.sec.gov/Archives/edgar/data/915913/000119312507044118/d10k.htm | https://www.sec.gov/Archives/edgar/data/915913/000091591326000018/0000915913-26-000018-index.html | https://query1.finance.yahoo.com/v8/finance/chart/ALB?period1=1104537600&period2=1790812800&interval=1mo&events=splits,,,,,
AMCR,Amcor,fiveYear,fail,,2020,2025,12468000000,15009000000,0.20380173243503363,1.935,1.6,-0.17312661498708004,"Audited US GAAP financial statements of Amcor Limited, the accounting predecessor. The first 2019 S-4 includes audited FY2016–2018 statements. FY2014–2015 US GAAP summary values are expressly unaudited and are not used. Historical Amcor shareholders received one Amcor plc share per old share; later Bemis and Berry acquisitions change the business scope. | Nine-year growth span from FY2016 to FY2025, with FY2025 share basis including the January2026 reverse split. | FY2026 annual results are available; FY2025 is retained for the common fiscal-year comparison. | FY2020 EPS divided by 0.2 for the subsequent stock split; unadjusted value and company source retained. | Historical reported EPS $0.387 divided by the verified remaining share-count factor 0.2 gives $1.935 on the endpoint share basis.",https://www.sec.gov/Archives/edgar/data/1748790/000174879022000024/0001748790-22-000024-index.html | https://www.sec.gov/Archives/edgar/data/1748790/000174879026000022/0001748790-26-000022-index.html | https://www.amcor.com/media/news/amcor-completes-one-for-five-reverse-stock-split,,,,,
AMCR,Amcor,twentyYear,short-history,pass,2016,2025,9421300000,15009000000,0.5930922484158236,1.3,1.6,0.23076923076923084,"Audited US GAAP financial statements of Amcor Limited, the accounting predecessor. The first 2019 S-4 includes audited FY2016–2018 statements. FY2014–2015 US GAAP summary values are expressly unaudited and are not used. Historical Amcor shareholders received one Amcor plc share per old share; later Bemis and Berry acquisitions change the business scope. | Nine-year growth span from FY2016 to FY2025, with FY2025 share basis including the January2026 reverse split. | FY2026 annual results are available; FY2025 is retained for the common fiscal-year comparison. | Audited US GAAP financial statements of Amcor Limited, the accounting predecessor. The first 2019 S-4 includes audited FY2016–2018 statements. FY2014–2015 US GAAP summary values are expressly unaudited and are not used. Historical Amcor shareholders received one Amcor plc share per old share; later Bemis and Berry acquisitions change the business scope. | Historical reported EPS $0.26 divided by the verified remaining share-count factor 0.2 gives $1.3 on the endpoint share basis. | Earliest audited US GAAP paired revenue and diluted EPS in the original Amcor plc registration is FY2016. Amcor is older; this shorter series reflects audited accounting-basis availability, not the age of its business. FY2014–2015 US GAAP figures in the registration are unaudited.",https://www.sec.gov/Archives/edgar/data/1748790/000104746919001142/a2237894zs-4.htm | https://www.sec.gov/Archives/edgar/data/1748790/000174879026000022/0001748790-26-000022-index.html | https://www.amcor.com/media/news/amcor-completes-one-for-five-reverse-stock-split,,,,,
AOS,A. O. Smith,fiveYear,pass,,2020,2025,2895300000,3830200000,0.3229026353054951,2.12,3.85,0.8160377358490565,Reporting scope includes electrical products business later divested. | Historical EPS is retained as reported; comparable EPS is reported EPS divided by the verified remaining split factor.,https://www.sec.gov/Archives/edgar/data/91142/000009114223000025/0000091142-23-000025-index.html | https://www.sec.gov/Archives/edgar/data/91142/000009114226000008/0000091142-26-000008-index.html,,,,,
AOS,A. O. Smith,twentyYear,pass,,2005,2025,1689200000,3830200000,1.267463888231115,0.25666666666666665,3.85,14.000000000000002,Reporting scope includes electrical products business later divested. | Historical EPS is retained as reported; comparable EPS is reported EPS divided by the verified remaining split factor. | Reporting scope includes electrical products business later divested. | Historical reported EPS $1.54 divided by the verified remaining share-count factor 6 gives $0.256667 on the endpoint share basis.,https://www.sec.gov/Archives/edgar/data/91142/000119312506038388/d10k.htm | https://www.sec.gov/Archives/edgar/data/91142/000009114226000008/0000091142-26-000008-index.html | https://aosmith.gcs-web.com/stocks/dividend-history | https://www.sec.gov/Archives/edgar/data/91142/000119312513080129/ | https://query1.finance.yahoo.com/v8/finance/chart/AOS?period1=1104537600&period2=1790812800&interval=1mo&events=splits,,,,,
APD,Air Products,fiveYear,fail,,2020,2025,8856300000,12037300000,0.35917934125989404,8.55,-1.74,-1.2035087719298245,Cumulative accounting change for FY2005 is zero. Reporting scope may differ after later dispositions. | Historical EPS is retained as reported; comparable EPS is reported EPS divided by the verified remaining split factor.,https://www.sec.gov/Archives/edgar/data/2969/000000296922000054/0000002969-22-000054-index.html | https://www.sec.gov/Archives/edgar/data/2969/000000296925000055/0000002969-25-000055-index.html,,,,,
APD,Air Products,twentyYear,fail,,2005,2025,8143500000,12037300000,0.47814821636888305,3.08,-1.74,-1.564935064935065,Cumulative accounting change for FY2005 is zero. Reporting scope may differ after later dispositions. | Historical EPS is retained as reported; comparable EPS is reported EPS divided by the verified remaining split factor. | Cumulative accounting change for FY2005 is zero. Reporting scope may differ after later dispositions.,https://www.sec.gov/Archives/edgar/data/2969/000095012305013994/y14674exv13.htm | https://www.sec.gov/Archives/edgar/data/2969/000000296925000055/0000002969-25-000055-index.html | https://query1.finance.yahoo.com/v8/finance/chart/APD?period1=1104537600&period2=1790812800&interval=1mo&events=splits,,,,,
ATO,Atmos Energy,fiveYear,pass,,2020,2025,2821137000,4702755000,0.6669715082961232,4.89,7.46,0.5255623721881391,Cumulative accounting change for FY2005 is zero; operating revenues include marketing and pipeline activities then consolidated. | Historical EPS is retained as reported; comparable EPS is reported EPS divided by the verified remaining split factor.,https://www.sec.gov/Archives/edgar/data/731802/000073180222000037/0000731802-22-000037-index.html | https://www.sec.gov/Archives/edgar/data/731802/000073180225000056/0000731802-25-000056-index.html,,,,,
ATO,Atmos Energy,twentyYear,fail,,2005,2025,4973326000,4702755000,-0.054404436789384,1.72,7.46,3.337209302325581,Cumulative accounting change for FY2005 is zero; operating revenues include marketing and pipeline activities then consolidated. | Historical EPS is retained as reported; comparable EPS is reported EPS divided by the verified remaining split factor. | Cumulative accounting change for FY2005 is zero; operating revenues include marketing and pipeline activities then consolidated.,https://www.sec.gov/Archives/edgar/data/731802/000095013405021927/d30531e10vk.htm | https://www.sec.gov/Archives/edgar/data/731802/000073180225000056/0000731802-25-000056-index.html | https://query1.finance.yahoo.com/v8/finance/chart/ATO?period1=1104537600&period2=1790812800&interval=1mo&events=splits,,,,,
BDX,Becton Dickinson,fiveYear,pass,,2020,2025,16074000000,21840000000,0.358715938783128,0.87,5.82,5.689655172413794,Net diluted EPS 2.77 includes discontinued operations; use continuing EPS 2.66. | Historical EPS is retained as reported; comparable EPS is reported EPS divided by the verified remaining split factor.,https://www.sec.gov/Archives/edgar/data/10795/000162828022030686/0001628280-22-030686-index.html | https://www.sec.gov/Archives/edgar/data/10795/000001079525000099/0000010795-25-000099-index.html,,,,,
BDX,Becton Dickinson,twentyYear,pass,,2005,2025,5414681000,21840000000,3.033478611205351,2.66,5.82,1.18796992481203,Net diluted EPS 2.77 includes discontinued operations; use continuing EPS 2.66. | Historical EPS is retained as reported; comparable EPS is reported EPS divided by the verified remaining split factor. | Net diluted EPS 2.77 includes discontinued operations; use continuing EPS 2.66.,https://investors.bd.com/sec-filings/all-sec-filings/content/0000950117-05-004677/ex-13.htm | https://www.sec.gov/Archives/edgar/data/10795/000001079525000099/0000010795-25-000099-index.html | https://query1.finance.yahoo.com/v8/finance/chart/BDX?period1=1104537600&period2=1790812800&interval=1mo&events=splits,,,,,
BEN,Franklin Resources,fiveYear,fail,,2020,2025,5566500000,8770700000,0.5756220246115153,1.59,0.91,-0.4276729559748428,Cumulative accounting change for FY2005 is zero. | Historical EPS is retained as reported; comparable EPS is reported EPS divided by the verified remaining split factor.,https://www.sec.gov/Archives/edgar/data/38777/000003877722000198/0000038777-22-000198-index.html | https://www.sec.gov/Archives/edgar/data/38777/000003877725000238/0000038777-25-000238-index.html,,,,,
BEN,Franklin Resources,twentyYear,fail,,2005,2025,4310098000,8770700000,1.0349189275974697,1.3533333333333333,0.91,-0.3275862068965517,Cumulative accounting change for FY2005 is zero. | Historical EPS is retained as reported; comparable EPS is reported EPS divided by the verified remaining split factor. | Cumulative accounting change for FY2005 is zero. | Historical reported EPS $4.06 divided by the verified remaining share-count factor 3 gives $1.35333 on the endpoint share basis.,https://www.sec.gov/Archives/edgar/data/38777/000119312505242624/d10k.htm | https://www.sec.gov/Archives/edgar/data/38777/000003877725000238/0000038777-25-000238-index.html | https://www.sec.gov/Archives/edgar/data/38777/000003877713000197/ | https://www.sec.gov/Archives/edgar/data/38777/000003877713000227/ | https://query1.finance.yahoo.com/v8/finance/chart/BEN?period1=1104537600&period2=1790812800&interval=1mo&events=splits,,,,,
BF-B,Brown–Forman,fiveYear,pass,,2020,2025,3363000000,3975000000,0.18198037466547734,1.72,1.84,0.06976744186046524,FY2005 restated for discontinued operations in 2006 report; Historical sales include excise taxes; the main as-reported comparison and separately labeled net-of-excise illustration disclose that presentation change. Subsequent 5-for-4 stock distributions require EPS adjustment. | Historical EPS is retained as reported; comparable EPS is reported EPS divided by the verified remaining split factor. | REVENUE BASIS CHANGED: FY2005 reported net sales of $2.227bn precede a separate $0.417bn excise-tax expense line; the current net-sales presentation excludes excise. An illustrative net-of-excise FY2005 base is $1.810bn. The main screen keeps the reported historical amount and is not a constant-presentation comparison. | FY2026 annual results are available; FY2025 is retained for the common fiscal-year comparison.,https://www.sec.gov/Archives/edgar/data/14693/000001469322000069/0000014693-22-000069-index.html | https://www.sec.gov/Archives/edgar/data/14693/000001469326000024/0000014693-26-000024-index.html,,,,,
BF-B,Brown–Forman,twentyYear,pass,,2005,2025,2227000000,3975000000,0.7849124382577459,0.5909333333333333,1.84,2.113718411552347,FY2005 restated for discontinued operations in 2006 report; Historical sales include excise taxes; the main as-reported comparison and separately labeled net-of-excise illustration disclose that presentation change. Subsequent 5-for-4 stock distributions require EPS adjustment. | Historical EPS is retained as reported; comparable EPS is reported EPS divided by the verified remaining split factor. | REVENUE BASIS CHANGED: FY2005 reported net sales of $2.227bn precede a separate $0.417bn excise-tax expense line; the current net-sales presentation excludes excise. An illustrative net-of-excise FY2005 base is $1.810bn. The main screen keeps the reported historical amount and is not a constant-presentation comparison. | FY2026 annual results are available; FY2025 is retained for the common fiscal-year comparison. | FY2005 restated for discontinued operations in 2006 report; Historical sales include excise taxes; the main as-reported comparison and separately labeled net-of-excise illustration disclose that presentation change. Subsequent 5-for-4 stock distributions require EPS adjustment. | Historical reported EPS $2.77 divided by the verified remaining share-count factor 4.6875 gives $0.590933 on the endpoint share basis.,https://www.sec.gov/Archives/edgar/data/14693/0000014693-06-000065.txt | https://www.sec.gov/Archives/edgar/data/14693/000001469326000024/0000014693-26-000024-index.html | https://investors.brown-forman.com/investors/stock-information/dividend-history/default.aspx | https://www.sec.gov/Archives/edgar/data/14693/000001469312000165/ | https://query1.finance.yahoo.com/v8/finance/chart/BF-B?period1=1104537600&period2=1790812800&interval=1mo&events=splits,Historical revenue presentation differs; the main result is not a like-for-like accounting comparison.,1810000000,3975000000,1.196132596685083,"Illustrative FY2005 sales after the separately disclosed excise taxes: $2.227bn - $0.417bn = $1.810bn. This is a separate derived comparison, not the main reported-GAAP screen."
BRO,Brown & Brown,fiveYear,pass,,2020,2025,2613400000,5902000000,1.2583607561031607,1.69,3.16,0.8698224852071008,Filing already reflects November 2005 2-for-1 split. | Historical EPS is retained as reported; comparable EPS is reported EPS divided by the verified remaining split factor.,https://www.sec.gov/Archives/edgar/data/79282/000095017023004717/0000950170-23-004717-index.html | https://www.sec.gov/Archives/edgar/data/79282/000119312526046984/0001193125-26-046984-index.html,,,,,
BRO,Brown & Brown,twentyYear,pass,,2005,2025,785807000,5902000000,6.510750095125139,0.54,3.16,4.851851851851852,Filing already reflects November 2005 2-for-1 split. | Historical EPS is retained as reported; comparable EPS is reported EPS divided by the verified remaining split factor. | Filing already reflects November 2005 2-for-1 split. | Historical reported EPS $1.08 divided by the verified remaining share-count factor 2 gives $0.54 on the endpoint share basis.,https://www.sec.gov/Archives/edgar/data/79282/000118811207000553/t13135_10k.htm | https://www.sec.gov/Archives/edgar/data/79282/000119312526046984/0001193125-26-046984-index.html | https://www.sec.gov/Archives/edgar/data/79282/000156459020006075/ | https://query1.finance.yahoo.com/v8/finance/chart/BRO?period1=1104537600&period2=1790812800&interval=1mo&events=splits,,,,,
CAH,Cardinal Health,fiveYear,pass,,2020,2025,152922000000,222578000000,0.4555001896391624,-12.61,6.45,,Net diluted EPS 2.41 includes discontinued operations. Later filings may restate scope. | Historical EPS is retained as reported; comparable EPS is reported EPS divided by the verified remaining split factor. | FY2026 annual results are available; FY2025 is retained for the common fiscal-year comparison. | Growth percentage is undefined for a zero or negative starting value; the endpoint change is shown instead.,https://www.sec.gov/Archives/edgar/data/721371/000072137122000058/0000721371-22-000058-index.html | https://www.sec.gov/Archives/edgar/data/721371/000072137126000038/0000721371-26-000038-index.html,,,,,
CAH,Cardinal Health,twentyYear,pass,,2005,2025,74910700000,222578000000,1.9712444283660413,2.4,6.45,1.6875,Net diluted EPS 2.41 includes discontinued operations. Later filings may restate scope. | Historical EPS is retained as reported; comparable EPS is reported EPS divided by the verified remaining split factor. | FY2026 annual results are available; FY2025 is retained for the common fiscal-year comparison. | Net diluted EPS 2.41 includes discontinued operations. Later filings may restate scope.,https://www.sec.gov/Archives/edgar/data/721371/000095015205007585/l15839ae10vk.htm | https://www.sec.gov/Archives/edgar/data/721371/000072137126000038/0000721371-26-000038-index.html | https://query1.finance.yahoo.com/v8/finance/chart/CAH?period1=1104537600&period2=1790812800&interval=1mo&events=splits,,,,,
CAT,Caterpillar Inc.,fiveYear,pass,,2020,2025,41748000000,67589000000,0.6189757593178116,5.46,18.81,2.445054945054945,Total sales and revenues include financial products; FY2005 split already reflected. | Historical EPS is retained as reported; comparable EPS is reported EPS divided by the verified remaining split factor.,https://www.sec.gov/Archives/edgar/data/18230/000001823023000011/0000018230-23-000011-index.html | https://www.sec.gov/Archives/edgar/data/18230/000001823026000008/0000018230-26-000008-index.html,,,,,
CAT,Caterpillar Inc.,twentyYear,pass,,2005,2025,36339000000,67589000000,0.859957621288423,4.04,18.81,3.6559405940594054,Total sales and revenues include financial products; FY2005 split already reflected. | Historical EPS is retained as reported; comparable EPS is reported EPS divided by the verified remaining split factor. | Total sales and revenues include financial products; FY2005 split already reflected.,https://www.sec.gov/Archives/edgar/data/18230/000001823006000139/ex13.htm | https://www.sec.gov/Archives/edgar/data/18230/000001823026000008/0000018230-26-000008-index.html | https://query1.finance.yahoo.com/v8/finance/chart/CAT?period1=1104537600&period2=1790812800&interval=1mo&events=splits,,,,,
CB,Chubb Limited,fiveYear,pass,,2020,2025,35994000000,59402000000,0.6503306106573319,7.79,25.68,2.2965340179717586,"This is ACE Limited, the accounting predecessor to Chubb Limited, not the former Chubb Corporation acquired in 2016. Entity continuity must be disclosed. | Historical EPS is retained as reported; comparable EPS is reported EPS divided by the verified remaining split factor.",https://www.sec.gov/Archives/edgar/data/896159/000089615923000007/0000896159-23-000007-index.html | https://www.sec.gov/Archives/edgar/data/896159/000089615926000005/0000896159-26-000005-index.html,,,,,
CB,Chubb Limited,twentyYear,pass,,2005,2025,13088000000,59402000000,3.5386613691931537,3.31,25.68,6.758308157099697,"This is ACE Limited, the accounting predecessor to Chubb Limited, not the former Chubb Corporation acquired in 2016. Entity continuity must be disclosed. | Historical EPS is retained as reported; comparable EPS is reported EPS divided by the verified remaining split factor. | This is ACE Limited, the accounting predecessor to Chubb Limited, not the former Chubb Corporation acquired in 2016. Entity continuity must be disclosed.",https://www.sec.gov/Archives/edgar/data/896159/000119312506056531/d10k.htm | https://www.sec.gov/Archives/edgar/data/896159/000089615926000005/0000896159-26-000005-index.html | https://query1.finance.yahoo.com/v8/finance/chart/CB?period1=1104537600&period2=1790812800&interval=1mo&events=splits,,,,,
CHD,Church & Dwight,fiveYear,fail,,2020,2025,4895800000,6203200000,0.26704522243555706,3.12,3.02,-0.03205128205128205,"Use as-reported 1.83, not stock-compensation pro-forma 1.77. | Historical EPS is retained as reported; comparable EPS is reported EPS divided by the verified remaining split factor.",https://www.sec.gov/Archives/edgar/data/313927/000095017023003066/0000950170-23-003066-index.html | https://www.sec.gov/Archives/edgar/data/313927/000119312526048139/0001193125-26-048139-index.html,,,,,
CHD,Church & Dwight,twentyYear,pass,,2005,2025,1736506000,6203200000,2.5722306746996555,0.4575,3.02,5.601092896174864,"Use as-reported 1.83, not stock-compensation pro-forma 1.77. | Historical EPS is retained as reported; comparable EPS is reported EPS divided by the verified remaining split factor. | Use as-reported 1.83, not stock-compensation pro-forma 1.77. | Historical reported EPS $1.83 divided by the verified remaining share-count factor 4 gives $0.4575 on the endpoint share basis.",https://www.sec.gov/Archives/edgar/data/313927/000119312506052189/d10k.htm | https://www.sec.gov/Archives/edgar/data/313927/000119312526048139/0001193125-26-048139-index.html | https://www.sec.gov/Archives/edgar/data/313927/000119312511211563/ | https://www.sec.gov/Archives/edgar/data/313927/000119312511296806/ | https://query1.finance.yahoo.com/v8/finance/chart/CHD?period1=1104537600&period2=1790812800&interval=1mo&events=splits,,,,,
CHRW,C.H. Robinson,fiveYear,pass,,2020,2025,16207106000,16232763000,0.0015830710306947715,3.72,4.83,0.2983870967741935,"Total gross revenues, not net/gross-profit revenue. October 2005 two-for-one split is already reflected. | Historical EPS is retained as reported; comparable EPS is reported EPS divided by the verified remaining split factor.",https://www.sec.gov/Archives/edgar/data/1043277/000104327723000005/0001043277-23-000005-index.html | https://www.sec.gov/Archives/edgar/data/1043277/000104327726000009/0001043277-26-000009-index.html,,,,,
CHRW,C.H. Robinson,twentyYear,pass,,2005,2025,5688948000,16232763000,1.853385722632726,1.16,4.83,3.163793103448276,"Total gross revenues, not net/gross-profit revenue. October 2005 two-for-one split is already reflected. | Historical EPS is retained as reported; comparable EPS is reported EPS divided by the verified remaining split factor. | Total gross revenues, not net/gross-profit revenue. October 2005 two-for-one split is already reflected.",https://www.sec.gov/Archives/edgar/data/1043277/000119312506056510/dex13.htm | https://www.sec.gov/Archives/edgar/data/1043277/000104327726000009/0001043277-26-000009-index.html | https://query1.finance.yahoo.com/v8/finance/chart/CHRW?period1=1104537600&period2=1790812800&interval=1mo&events=splits,,,,,
CINF,Cincinnati Financial,fiveYear,pass,,2020,2025,7536000000,12631000000,0.6760881104033971,7.49,15.17,1.0253671562082776,Includes investment income and realized gains; April 2005 5 percent stock dividend reflected in source. | Historical EPS is retained as reported; comparable EPS is reported EPS divided by the verified remaining split factor.,https://www.sec.gov/Archives/edgar/data/20286/000002028623000008/0000020286-23-000008-index.html | https://www.sec.gov/Archives/edgar/data/20286/000002028626000008/0000020286-26-000008-index.html,,,,,
CINF,Cincinnati Financial,twentyYear,pass,,2005,2025,3767000000,12631000000,2.353066100345102,3.4,15.17,3.461764705882353,Includes investment income and realized gains; April 2005 5 percent stock dividend reflected in source. | Historical EPS is retained as reported; comparable EPS is reported EPS divided by the verified remaining split factor. | Includes investment income and realized gains; April 2005 5 percent stock dividend reflected in source.,https://www.sec.gov/Archives/edgar/data/20286/000095015206001975/l18781ae10vk.htm | https://www.sec.gov/Archives/edgar/data/20286/000002028626000008/0000020286-26-000008-index.html | https://query1.finance.yahoo.com/v8/finance/chart/CINF?period1=1104537600&period2=1790812800&interval=1mo&events=splits,,,,,
CL,Colgate-Palmolive,fiveYear,fail,,2020,2025,16471000000,20382000000,0.2374476352376904,3.14,2.63,-0.16242038216560517,Reported GAAP diluted EPS; 2013 two-for-one split subsequently adjusts EPS. | Historical EPS is retained as reported; comparable EPS is reported EPS divided by the verified remaining split factor.,https://www.sec.gov/Archives/edgar/data/21665/000002166523000007/0000021665-23-000007-index.html | https://www.sec.gov/Archives/edgar/data/21665/000002166526000006/0000021665-26-000006-index.html,,,,,
CL,Colgate-Palmolive,twentyYear,pass,,2005,2025,11396900000,20382000000,0.7883810509875493,1.215,2.63,1.164609053497942,Reported GAAP diluted EPS; 2013 two-for-one split subsequently adjusts EPS. | Historical EPS is retained as reported; comparable EPS is reported EPS divided by the verified remaining split factor. | Reported GAAP diluted EPS; 2013 two-for-one split subsequently adjusts EPS. | Historical reported EPS $2.43 divided by the verified remaining share-count factor 2 gives $1.215 on the endpoint share basis.,https://www.sec.gov/Archives/edgar/data/21665/000119312506038891/d10k.htm | https://www.sec.gov/Archives/edgar/data/21665/000002166526000006/0000021665-26-000006-index.html | https://investor.colgatepalmolive.com/news-releases/news-release-details/colgate-announces-2nd-quarter-2013-results | https://www.sec.gov/Archives/edgar/data/21665/000144530513000904/ | https://query1.finance.yahoo.com/v8/finance/chart/CL?period1=1104537600&period2=1790812800&interval=1mo&events=splits,,,,,
CLX,Clorox,fiveYear,fail,,2020,2025,6721000000,7104000000,0.05698556762386553,7.36,6.52,-0.11413043478260876,Net diluted EPS $6.11 includes discontinued operations; continuing EPS $2.88. | Historical EPS is retained as reported; comparable EPS is reported EPS divided by the verified remaining split factor.,https://www.sec.gov/Archives/edgar/data/21076/000002107622000026/0000021076-22-000026-index.html | https://www.sec.gov/Archives/edgar/data/21076/000002107625000039/0000021076-25-000039-index.html | https://www.sec.gov/Archives/edgar/data/21076/000002107621000016/0000021076-21-000016-index.html,,,,,
CLX,Clorox,twentyYear,pass,,2005,2025,4388000000,7104000000,0.6189608021877848,2.88,6.52,1.2638888888888888,Net diluted EPS $6.11 includes discontinued operations; continuing EPS $2.88. | Historical EPS is retained as reported; comparable EPS is reported EPS divided by the verified remaining split factor. | Net diluted EPS $6.11 includes discontinued operations; continuing EPS $2.88.,https://www.sec.gov/Archives/edgar/data/21076/0001104659-05-042311.txt | https://www.sec.gov/Archives/edgar/data/21076/000002107625000039/0000021076-25-000039-index.html | https://query1.finance.yahoo.com/v8/finance/chart/CLX?period1=1104537600&period2=1790812800&interval=1mo&events=splits,,,,,
CTAS,Cintas,fiveYear,pass,,2020,2025,7085120000,10340181000,0.4594221410505397,2.0275,4.4,1.1701602959309496,"Use 2007 restated FY2005 EPS $1.69, not originally reported $1.74. Restatement includes share-based compensation expense. | Historical EPS is retained as reported; comparable EPS is reported EPS divided by the verified remaining split factor. | FY2026 annual results are available; FY2025 is retained for the common fiscal-year comparison. | FY2020 EPS divided by 4 for the subsequent stock split; unadjusted value and company source retained. | Historical reported EPS $8.11 divided by the verified remaining share-count factor 4 gives $2.0275 on the endpoint share basis.",https://www.sec.gov/Archives/edgar/data/723254/000072325422000019/0000723254-22-000019-index.html | https://www.sec.gov/Archives/edgar/data/723254/000072325426000028/0000723254-26-000028-index.html | https://www.cintas.com/about/newsroom/details/news/2024/05/02/cintas-board-of-directors-approves-4-for-1-stock-split/,,,,,
CTAS,Cintas,twentyYear,pass,,2005,2025,3067283000,10340181000,2.3711206302124714,0.4225,4.4,9.414201183431954,"Use 2007 restated FY2005 EPS $1.69, not originally reported $1.74. Restatement includes share-based compensation expense. | Historical EPS is retained as reported; comparable EPS is reported EPS divided by the verified remaining split factor. | FY2026 annual results are available; FY2025 is retained for the common fiscal-year comparison. | Use 2007 restated FY2005 EPS $1.69, not originally reported $1.74. Restatement includes share-based compensation expense. | Historical reported EPS $1.69 divided by the verified remaining share-count factor 4 gives $0.4225 on the endpoint share basis.",https://www.sec.gov/Archives/edgar/data/723254/0000892251-07-000154.txt | https://www.sec.gov/Archives/edgar/data/723254/000072325426000028/0000723254-26-000028-index.html | https://www.cintas.com/about/newsroom/details/news/2024/05/02/cintas-board-of-directors-approves-4-for-1-stock-split/ | https://www.sec.gov/Archives/edgar/data/723254/000072325424000036/ | https://query1.finance.yahoo.com/v8/finance/chart/CTAS?period1=1104537600&period2=1790812800&interval=1mo&events=splits,,,,,
CVX,Chevron Corporation,fiveYear,pass,,2020,2025,94471000000,184432000000,0.9522604820526934,-2.96,6.63,,"Revenue is sales and other operating revenues, excluding equity affiliates/other income; includes then-reported excise taxes and buy/sell contracts. The current endpoint also uses sales and operating revenue, excluding affiliate and other income; legacy excise/buy-sell presentation differs and is separately disclosed. | Historical EPS is retained as reported; comparable EPS is reported EPS divided by the verified remaining split factor. | REVENUE BASIS CHANGED: FY2005 reported sales of $193.641bn include $8.719bn excise taxes and $23.822bn gross buy/sell transactions. Removing those disclosed amounts gives an illustrative $161.100bn base; against FY2025 sales of $184.432bn that is +14.5%. The main as-reported revenue decline, and therefore the full-period result, is sensitive to this accounting presentation change. | Growth percentage is undefined for a zero or negative starting value; the endpoint change is shown instead.",https://www.sec.gov/Archives/edgar/data/93410/000009341023000009/0000093410-23-000009-index.html | https://www.sec.gov/Archives/edgar/data/93410/000009341026000078/0000093410-26-000078-index.html,,,,,
CVX,Chevron Corporation,twentyYear,fail,,2005,2025,193641000000,184432000000,-0.04755707727185876,6.54,6.63,0.013761467889908285,"Revenue is sales and other operating revenues, excluding equity affiliates/other income; includes then-reported excise taxes and buy/sell contracts. The current endpoint also uses sales and operating revenue, excluding affiliate and other income; legacy excise/buy-sell presentation differs and is separately disclosed. | Historical EPS is retained as reported; comparable EPS is reported EPS divided by the verified remaining split factor. | REVENUE BASIS CHANGED: FY2005 reported sales of $193.641bn include $8.719bn excise taxes and $23.822bn gross buy/sell transactions. Removing those disclosed amounts gives an illustrative $161.100bn base; against FY2025 sales of $184.432bn that is +14.5%. The main as-reported revenue decline, and therefore the full-period result, is sensitive to this accounting presentation change. | Revenue is sales and other operating revenues, excluding equity affiliates/other income; includes then-reported excise taxes and buy/sell contracts. The current endpoint also uses sales and operating revenue, excluding affiliate and other income; legacy excise/buy-sell presentation differs and is separately disclosed.",https://www.sec.gov/Archives/edgar/data/93410/000095014906000076/f16935e10vk.htm | https://www.sec.gov/Archives/edgar/data/93410/000009341026000078/0000093410-26-000078-index.html | https://query1.finance.yahoo.com/v8/finance/chart/CVX?period1=1104537600&period2=1790812800&interval=1mo&events=splits,The revenue decline and main fail result are sensitive to changed excise-tax and gross buy/sell presentation.,161100000000,184432000000,0.1448292985723154,"Illustrative FY2005 sales excluding the disclosed $8.719bn excise taxes and $23.822bn gross buy/sell transactions: $193.641bn - $8.719bn - $23.822bn = $161.100bn. This is a separate derived comparison, not the main reported-GAAP screen."
DOV,Dover Corporation,fiveYear,pass,,2020,2025,6683760000,8092571000,0.21078120698528968,4.7,7.97,0.6957446808510637,"FY2005 comparative is restated for discontinued operations in 2006 filing; not original 2005 revenue $6,105 million / EPS $2.32. | Historical EPS is retained as reported; comparable EPS is reported EPS divided by the verified remaining split factor.",https://www.sec.gov/Archives/edgar/data/29905/000002990523000008/0000029905-23-000008-index.html | https://www.sec.gov/Archives/edgar/data/29905/000002990526000009/0000029905-26-000009-index.html | https://www.sec.gov/Archives/edgar/data/29905/000002990521000010/0000029905-21-000010-index.html,,,,,
DOV,Dover Corporation,twentyYear,pass,,2005,2025,5333338000,8092571000,0.5173557348137321,2.19,7.97,2.6392694063926943,"FY2005 comparative is restated for discontinued operations in 2006 filing; not original 2005 revenue $6,105 million / EPS $2.32. | Historical EPS is retained as reported; comparable EPS is reported EPS divided by the verified remaining split factor. | FY2005 comparative is restated for discontinued operations in 2006 filing; not original 2005 revenue $6,105 million / EPS $2.32.",https://www.sec.gov/Archives/edgar/data/29905/000095012307002935/y30920e10vk.htm | https://www.sec.gov/Archives/edgar/data/29905/000002990526000009/0000029905-26-000009-index.html | https://query1.finance.yahoo.com/v8/finance/chart/DOV?period1=1104537600&period2=1790812800&interval=1mo&events=splits,,,,,
ECL,Ecolab,fiveYear,pass,,2020,2025,11790200000,16081200000,0.3639463283065596,3.33,7.28,1.1861861861861862,"Reported GAAP EPS, not adjusted earnings. | Historical EPS is retained as reported; comparable EPS is reported EPS divided by the verified remaining split factor.",https://www.sec.gov/Archives/edgar/data/31462/000155837023001969/0001558370-23-001969-index.html | https://www.sec.gov/Archives/edgar/data/31462/000110465926018357/0001104659-26-018357-index.html,,,,,
ECL,Ecolab,twentyYear,pass,,2005,2025,4534832000,16081200000,2.5461512135399946,1.23,7.28,4.91869918699187,"Reported GAAP EPS, not adjusted earnings. | Historical EPS is retained as reported; comparable EPS is reported EPS divided by the verified remaining split factor. | Reported GAAP EPS, not adjusted earnings.",https://www.sec.gov/Archives/edgar/data/31462/0001104659-06-012710.txt | https://www.sec.gov/Archives/edgar/data/31462/000110465926018357/0001104659-26-018357-index.html | https://query1.finance.yahoo.com/v8/finance/chart/ECL?period1=1104537600&period2=1790812800&interval=1mo&events=splits,,,,,
ED,Consolidated Edison,fiveYear,pass,,2020,2025,12246000000,16918000000,0.3815123305569166,3.28,5.64,0.7195121951219512,"Use consolidated parent, not Consolidated Edison Company of New York subsidiary. Diluted continuing EPS $2.99, not basic $3.00. | Historical EPS is retained as reported; comparable EPS is reported EPS divided by the verified remaining split factor.",https://www.sec.gov/Archives/edgar/data/1047862/000104786223000038/0001047862-23-000038-index.html | https://www.sec.gov/Archives/edgar/data/1047862/000104786226000031/0001047862-26-000031-index.html,,,,,
ED,Consolidated Edison,twentyYear,pass,,2005,2025,11690000000,16918000000,0.4472198460222412,2.99,5.64,0.88628762541806,"Use consolidated parent, not Consolidated Edison Company of New York subsidiary. Diluted continuing EPS $2.99, not basic $3.00. | Historical EPS is retained as reported; comparable EPS is reported EPS divided by the verified remaining split factor. | Use consolidated parent, not Consolidated Edison Company of New York subsidiary. Diluted continuing EPS $2.99, not basic $3.00.",https://www.sec.gov/Archives/edgar/data/1047862/0001193125-06-036760.txt | https://www.sec.gov/Archives/edgar/data/1047862/000104786226000031/0001047862-26-000031-index.html | https://query1.finance.yahoo.com/v8/finance/chart/ED?period1=1104537600&period2=1790812800&interval=1mo&events=splits,,,,,
EMR,Emerson Electric,fiveYear,pass,,2020,2025,16785000000,18016000000,0.07333929103366099,3.24,4.03,0.24382716049382713,Continuing operations as presented in 2005 annual report. | Historical EPS is retained as reported; comparable EPS is reported EPS divided by the verified remaining split factor.,https://www.sec.gov/Archives/edgar/data/32604/000003260422000041/0000032604-22-000041-index.html | https://www.sec.gov/Archives/edgar/data/32604/000003260425000087/0000032604-25-000087-index.html,,,,,
EMR,Emerson Electric,twentyYear,pass,,2005,2025,17305000000,18016000000,0.041086391216411444,1.7,4.03,1.3705882352941177,Continuing operations as presented in 2005 annual report. | Historical EPS is retained as reported; comparable EPS is reported EPS divided by the verified remaining split factor. | Continuing operations as presented in 2005 annual report. | Historical reported EPS $3.4 divided by the verified remaining share-count factor 2 gives $1.7 on the endpoint share basis.,https://www.sec.gov/Archives/edgar/data/32604/0001193125-05-230745.txt | https://www.sec.gov/Archives/edgar/data/32604/000003260425000087/0000032604-25-000087-index.html | https://ir.emerson.com/company-info/faq | https://query1.finance.yahoo.com/v8/finance/chart/EMR?period1=1104537600&period2=1790812800&interval=1mo&events=splits,,,,,
ERIE,Erie Indemnity,fiveYear,pass,,2020,2025,2536489000,4067258000,0.6034991675501056,5.61,10.69,0.9055258467023171,Total operating revenue excludes $115.237 million unaffiliated investment income; includes $215.824 million insurance premiums subsequently divested. The contemporary endpoint uses the same total operating revenue concept. | Historical EPS is retained as reported; comparable EPS is reported EPS divided by the verified remaining split factor.,https://www.sec.gov/Archives/edgar/data/922621/000092262123000007/0000922621-23-000007-index.html | https://www.sec.gov/Archives/edgar/data/922621/000162828026010666/0001628280-26-010666-index.html | https://www.sec.gov/Archives/edgar/data/922621/000092262121000010/erie-20201231.htm | https://www.sec.gov/Archives/edgar/data/922621/000162828026010666/erie-20251231.htm,,,,,
ERIE,Erie Indemnity,twentyYear,pass,,2005,2025,1124950000,4067258000,2.615501133383706,3.34,10.69,2.2005988023952097,Total operating revenue excludes $115.237 million unaffiliated investment income; includes $215.824 million insurance premiums subsequently divested. The contemporary endpoint uses the same total operating revenue concept. | Historical EPS is retained as reported; comparable EPS is reported EPS divided by the verified remaining split factor. | Total operating revenue excludes $115.237 million unaffiliated investment income; includes $215.824 million insurance premiums subsequently divested. The contemporary endpoint uses the same total operating revenue concept.,https://www.sec.gov/Archives/edgar/data/922621/0000950152-06-001383.txt | https://www.sec.gov/Archives/edgar/data/922621/000162828026010666/0001628280-26-010666-index.html | https://query1.finance.yahoo.com/v8/finance/chart/ERIE?period1=1104537600&period2=1790812800&interval=1mo&events=splits | https://www.sec.gov/Archives/edgar/data/922621/000162828026010666/erie-20251231.htm,,,,,
ES,Eversource Energy,fiveYear,pass,,2020,2025,8904430000,13547244000,0.5214049635967715,3.55,4.56,0.2845070422535212,Negative baseline: EPS CAGR is undefined; preserve value and do not calculate real-valued growth. Net diluted EPS is -1.93. | Historical EPS is retained as reported; comparable EPS is reported EPS divided by the verified remaining split factor.,https://www.sec.gov/Archives/edgar/data/72741/000007274123000004/0000072741-23-000004-index.html | https://www.sec.gov/Archives/edgar/data/72741/000162828026008461/0001628280-26-008461-index.html | https://www.sec.gov/Archives/edgar/data/72741/000007274121000005/es-20201231.htm | https://www.sec.gov/Archives/edgar/data/72741/000162828026008461/es-20251231.htm,,,,,
ES,Eversource Energy,twentyYear,pass,,2005,2025,7397390000,13547244000,0.8313545723559255,-1.74,4.56,,Negative baseline: EPS CAGR is undefined; preserve value and do not calculate real-valued growth. Net diluted EPS is -1.93. | Historical EPS is retained as reported; comparable EPS is reported EPS divided by the verified remaining split factor. | Negative baseline: EPS CAGR is undefined; preserve value and do not calculate real-valued growth. Net diluted EPS is -1.93. | Growth percentage is undefined for a zero or negative starting value; the endpoint change is shown instead.,https://www.sec.gov/Archives/edgar/data/72741/0000072741-06-000036.txt | https://www.sec.gov/Archives/edgar/data/72741/000162828026008461/0001628280-26-008461-index.html | https://query1.finance.yahoo.com/v8/finance/chart/ES?period1=1104537600&period2=1790812800&interval=1mo&events=splits | https://www.sec.gov/Archives/edgar/data/72741/000162828026008461/es-20251231.htm,,,,,
EXPD,Expeditors International,fiveYear,pass,,2020,2025,9584393000,11069009000,0.15489932434949183,4.07,5.95,0.46191646191646196,"Total gross revenues, not gross profit/net revenue. | Historical EPS is retained as reported; comparable EPS is reported EPS divided by the verified remaining split factor.",https://www.sec.gov/Archives/edgar/data/746515/000095017023005412/0000950170-23-005412-index.html | https://www.sec.gov/Archives/edgar/data/746515/000119312526071569/0001193125-26-071569-index.html,,,,,
EXPD,Expeditors International,twentyYear,pass,,2005,2025,3901781000,11069009000,1.8369119127905948,0.98,5.95,5.071428571428572,"Total gross revenues, not gross profit/net revenue. | Historical EPS is retained as reported; comparable EPS is reported EPS divided by the verified remaining split factor. | Total gross revenues, not gross profit/net revenue. | Historical reported EPS $1.96 divided by the verified remaining share-count factor 2 gives $0.98 on the endpoint share basis.",https://www.sec.gov/Archives/edgar/data/746515/0001104659-06-017206.txt | https://www.sec.gov/Archives/edgar/data/746515/000119312526071569/0001193125-26-071569-index.html | https://www.sec.gov/Archives/edgar/data/746515/000110465906032125/a06-11436_1ex99d2.htm | https://query1.finance.yahoo.com/v8/finance/chart/EXPD?period1=1104537600&period2=1790812800&interval=1mo&events=splits,,,,,
FAST,Fastenal,fiveYear,pass,,2020,2025,5647300000,8200500000,0.45210985780815616,0.745,1.09,0.46308724832214776,Basic and diluted EPS equal $1.10; FY2005 split is already reflected. | Historical EPS is retained as reported; comparable EPS is reported EPS divided by the verified remaining split factor. | FY2020 EPS divided by 2 for the subsequent stock split; unadjusted value and company source retained. | Historical reported EPS $1.49 divided by the verified remaining share-count factor 2 gives $0.745 on the endpoint share basis.,https://www.sec.gov/Archives/edgar/data/815556/000081555623000009/0000815556-23-000009-index.html | https://www.sec.gov/Archives/edgar/data/815556/000081555626000009/0000815556-26-000009-index.html | https://investor.fastenal.com/stock-info/dividend-history/default.aspx,,,,,
FAST,Fastenal,twentyYear,pass,,2005,2025,1523333000,8200500000,4.3832615718296655,0.1375,1.09,6.927272727272727,Basic and diluted EPS equal $1.10; FY2005 split is already reflected. | Historical EPS is retained as reported; comparable EPS is reported EPS divided by the verified remaining split factor. | Basic and diluted EPS equal $1.10; FY2005 split is already reflected. | Historical reported EPS $1.1 divided by the verified remaining share-count factor 8 gives $0.1375 on the endpoint share basis.,https://www.sec.gov/Archives/edgar/data/815556/0001193125-06-037687.txt | https://www.sec.gov/Archives/edgar/data/815556/000081555626000009/0000815556-26-000009-index.html | https://investor.fastenal.com/stock-info/dividend-history/default.aspx | https://www.sec.gov/Archives/edgar/data/815556/000081555619000048/ | https://query1.finance.yahoo.com/v8/finance/chart/FAST?period1=1104537600&period2=1790812800&interval=1mo&events=splits,,,,,
FDS,FactSet,fiveYear,pass,,2020,2025,1494111000,2321748000,0.5539327399369927,9.65,15.55,0.6113989637305699,Reported GAAP diluted EPS. | Historical EPS is retained as reported; comparable EPS is reported EPS divided by the verified remaining split factor.,https://www.sec.gov/Archives/edgar/data/1013237/000101323722000159/0001013237-22-000159-index.html | https://www.sec.gov/Archives/edgar/data/1013237/000162828025045769/0001628280-25-045769-index.html,,,,,
FDS,FactSet,twentyYear,pass,,2005,2025,312644000,2321748000,6.42617162011745,1.43,15.55,9.874125874125875,Reported GAAP diluted EPS. | Historical EPS is retained as reported; comparable EPS is reported EPS divided by the verified remaining split factor. | Reported GAAP diluted EPS.,https://www.sec.gov/Archives/edgar/data/1013237/0001047469-05-026820.txt | https://www.sec.gov/Archives/edgar/data/1013237/000162828025045769/0001628280-25-045769-index.html | https://query1.finance.yahoo.com/v8/finance/chart/FDS?period1=1104537600&period2=1790812800&interval=1mo&events=splits,,,,,
GD,General Dynamics,fiveYear,pass,,2020,2025,37925000000,52550000000,0.3856295319709955,11,15.45,0.40454545454545454,"Diluted continuing EPS $7.25, not net EPS $7.22. | Historical EPS is retained as reported; comparable EPS is reported EPS divided by the verified remaining split factor.",https://www.sec.gov/Archives/edgar/data/40533/000004053323000014/0000040533-23-000014-index.html | https://www.sec.gov/Archives/edgar/data/40533/000004053326000006/0000040533-26-000006-index.html | https://www.sec.gov/Archives/edgar/data/40533/000004053321000010/0000040533-21-000010-index.html,,,,,
GD,General Dynamics,twentyYear,pass,,2005,2025,21244000000,52550000000,1.4736396158915457,3.625,15.45,3.2620689655172415,"Diluted continuing EPS $7.25, not net EPS $7.22. | Historical EPS is retained as reported; comparable EPS is reported EPS divided by the verified remaining split factor. | Diluted continuing EPS $7.25, not net EPS $7.22. | Historical reported EPS $7.25 divided by the verified remaining share-count factor 2 gives $3.625 on the endpoint share basis.",https://www.sec.gov/Archives/edgar/data/40533/0001193125-06-044567.txt | https://www.sec.gov/Archives/edgar/data/40533/000004053326000006/0000040533-26-000006-index.html | https://investorrelations.gd.com/stock-information/dividend-split-history/default.aspx | https://query1.finance.yahoo.com/v8/finance/chart/GD?period1=1104537600&period2=1790812800&interval=1mo&events=splits,,,,,
GPC,Genuine Parts Company,fiveYear,fail,,2020,2025,16537433000,24300141000,0.46940223431290695,1.13,0.47,-0.584070796460177,FY2005 cumulative accounting change is zero. | Historical EPS is retained as reported; comparable EPS is reported EPS divided by the verified remaining split factor.,https://www.sec.gov/Archives/edgar/data/40987/000004098723000008/0000040987-23-000008-index.html | https://www.sec.gov/Archives/edgar/data/40987/000004098726000003/0000040987-26-000003-index.html,,,,,
GPC,Genuine Parts Company,twentyYear,fail,,2005,2025,9783050000,24300141000,1.4839023617379037,2.5,0.47,-0.812,FY2005 cumulative accounting change is zero. | Historical EPS is retained as reported; comparable EPS is reported EPS divided by the verified remaining split factor. | FY2005 cumulative accounting change is zero.,https://www.sec.gov/Archives/edgar/data/40987/0000950144-06-001772.txt | https://www.sec.gov/Archives/edgar/data/40987/000004098726000003/0000040987-26-000003-index.html | https://query1.finance.yahoo.com/v8/finance/chart/GPC?period1=1104537600&period2=1790812800&interval=1mo&events=splits,,,,,
GWW,W. W. Grainger,fiveYear,pass,,2020,2025,11797000000,17942000000,0.5208951428329236,12.82,35.4,1.7613104524180967,Reported GAAP diluted EPS; audited statement earnings-before-tax less income taxes equals net earnings. | Historical EPS is retained as reported; comparable EPS is reported EPS divided by the verified remaining split factor.,https://www.sec.gov/Archives/edgar/data/277135/000027713523000014/0000277135-23-000014-index.html | https://www.sec.gov/Archives/edgar/data/277135/000027713526000011/0000277135-26-000011-index.html,,,,,
GWW,W. W. Grainger,twentyYear,pass,,2005,2025,5526636000,17942000000,2.2464595099080165,3.78,35.4,8.365079365079366,Reported GAAP diluted EPS; audited statement earnings-before-tax less income taxes equals net earnings. | Historical EPS is retained as reported; comparable EPS is reported EPS divided by the verified remaining split factor. | Reported GAAP diluted EPS; audited statement earnings-before-tax less income taxes equals net earnings.,https://www.sec.gov/Archives/edgar/data/277135/0000277135-06-000013.txt | https://www.sec.gov/Archives/edgar/data/277135/000027713526000011/0000277135-26-000011-index.html | https://query1.finance.yahoo.com/v8/finance/chart/GWW?period1=1104537600&period2=1790812800&interval=1mo&events=splits,,,,,
HRL,Hormel Foods,fiveYear,fail,,2020,2025,9608462000,12106160000,0.259947741896674,1.66,0.87,-0.47590361445783125,"Fiscal 2005 ended October 30, 2005. | Historical EPS is retained as reported; comparable EPS is reported EPS divided by the verified remaining split factor.",https://www.sec.gov/Archives/edgar/data/48465/000004846522000051/0000048465-22-000051-index.html | https://www.sec.gov/Archives/edgar/data/48465/000004846525000059/0000048465-25-000059-index.html,,,,,
HRL,Hormel Foods,twentyYear,pass,,2005,2025,5413997000,12106160000,1.2360854651378639,0.455,0.87,0.912087912087912,"Fiscal 2005 ended October 30, 2005. | Historical EPS is retained as reported; comparable EPS is reported EPS divided by the verified remaining split factor. | Fiscal 2005 ended October 30, 2005. | Historical reported EPS $1.82 divided by the verified remaining share-count factor 4 gives $0.455 on the endpoint share basis.",https://www.sec.gov/Archives/edgar/data/48465/0001104659-06-002096.txt | https://www.sec.gov/Archives/edgar/data/48465/000004846525000059/0000048465-25-000059-index.html | https://www.hormelfoods.com/newsroom/press-releases/hormel-foods-stockholders-approve-two-for-one-stock-split/ | https://www.hormelfoods.com/newsroom/press-releases/hormel-foods-announces-stockholder-approval-two-one-stock-split/ | https://query1.finance.yahoo.com/v8/finance/chart/HRL?period1=1104537600&period2=1790812800&interval=1mo&events=splits,,,,,
IBM,IBM,fiveYear,pass,,2020,2025,55179000000,67535000000,0.22392576886134208,4.38,11.14,1.5433789954337902,"Diluted continuing EPS $4.91, not net EPS $4.87; later Kyndryl separation changes reporting scope. | Historical EPS is retained as reported; comparable EPS is reported EPS divided by the verified remaining split factor.",https://www.sec.gov/Archives/edgar/data/51143/000155837023002376/0001558370-23-002376-index.html | https://www.sec.gov/Archives/edgar/data/51143/000005114326000010/0000051143-26-000010-index.html,,,,,
IBM,IBM,twentyYear,fail,,2005,2025,91134000000,67535000000,-0.25894836175302305,4.91,11.14,1.268839103869654,"Diluted continuing EPS $4.91, not net EPS $4.87; later Kyndryl separation changes reporting scope. | Historical EPS is retained as reported; comparable EPS is reported EPS divided by the verified remaining split factor. | Diluted continuing EPS $4.91, not net EPS $4.87; later Kyndryl separation changes reporting scope.",https://www.sec.gov/Archives/edgar/data/51143/0001047469-06-002608.txt | https://www.sec.gov/Archives/edgar/data/51143/000005114326000010/0000051143-26-000010-index.html | https://query1.finance.yahoo.com/v8/finance/chart/IBM?period1=1104537600&period2=1790812800&interval=1mo&events=splits,,,,,
ITW,Illinois Tool Works,fiveYear,pass,,2020,2025,12574000000,16044000000,0.2759662796246223,6.63,10.49,0.5822021116138765,Reported diluted EPS from continuing operations. | Historical EPS is retained as reported; comparable EPS is reported EPS divided by the verified remaining split factor.,https://www.sec.gov/Archives/edgar/data/49826/000004982623000008/0000049826-23-000008-index.html | https://www.sec.gov/Archives/edgar/data/49826/000004982626000008/0000049826-26-000008-index.html,,,,,
ITW,Illinois Tool Works,twentyYear,pass,,2005,2025,12921792000,16044000000,0.2416234528461687,2.6,10.49,3.0346153846153845,Reported diluted EPS from continuing operations. | Historical EPS is retained as reported; comparable EPS is reported EPS divided by the verified remaining split factor. | Reported diluted EPS from continuing operations. | Historical reported EPS $5.2 divided by the verified remaining share-count factor 2 gives $2.6 on the endpoint share basis.,https://www.sec.gov/Archives/edgar/data/49826/0000950137-06-002224.txt | https://www.sec.gov/Archives/edgar/data/49826/000004982626000008/0000049826-26-000008-index.html | https://www.sec.gov/Archives/edgar/data/49826/000004982606000009/exhibit991.htm | https://query1.finance.yahoo.com/v8/finance/chart/ITW?period1=1104537600&period2=1790812800&interval=1mo&events=splits,,,,,
JNJ,Johnson & Johnson,fiveYear,pass,,2020,2025,82584000000,94193000000,0.14057202363653976,5.51,11.03,1.0018148820326678,Issuer annual report hosted on AnnualReports mirror; includes consumer business separated as Kenvue in 2023. | Historical EPS is retained as reported; comparable EPS is reported EPS divided by the verified remaining split factor.,https://www.sec.gov/Archives/edgar/data/200406/000020040623000016/0000200406-23-000016-index.html | https://www.sec.gov/Archives/edgar/data/200406/000020040626000016/0000200406-26-000016-index.html,,,,,
JNJ,Johnson & Johnson,twentyYear,pass,,2005,2025,50514000000,94193000000,0.8646909767589184,3.46,11.03,2.1878612716763004,Issuer annual report hosted on AnnualReports mirror; includes consumer business separated as Kenvue in 2023. | Historical EPS is retained as reported; comparable EPS is reported EPS divided by the verified remaining split factor. | Issuer annual report hosted on AnnualReports mirror; includes consumer business separated as Kenvue in 2023.,https://www.annualreports.com/HostedData/AnnualReportArchive/j/NYSE_JNJ_2005.pdf | https://www.sec.gov/Archives/edgar/data/200406/000020040626000016/0000200406-26-000016-index.html | https://query1.finance.yahoo.com/v8/finance/chart/JNJ?period1=1104537600&period2=1790812800&interval=1mo&events=splits,,,,,
KMB,Kimberly-Clark,fiveYear,fail,,2020,2025,19140000000,16447000000,-0.1407001044932079,6.87,4.86,-0.2925764192139738,"Continuing EPS $3.31, not net $3.28 which includes cumulative accounting change ; 2014 Halyard distribution is not stock split. | Historical EPS is retained as reported; comparable EPS is reported EPS divided by the verified remaining split factor.",https://www.sec.gov/Archives/edgar/data/55785/000005578523000012/0000055785-23-000012-index.html | https://www.sec.gov/Archives/edgar/data/55785/000162828026007567/0001628280-26-007567-index.html,,,,,
KMB,Kimberly-Clark,twentyYear,pass,,2005,2025,15902600000,16447000000,0.034233395796913646,3.31,4.86,0.46827794561933533,"Continuing EPS $3.31, not net $3.28 which includes cumulative accounting change ; 2014 Halyard distribution is not stock split. | Historical EPS is retained as reported; comparable EPS is reported EPS divided by the verified remaining split factor. | Continuing EPS $3.31, not net $3.28 which includes cumulative accounting change ; 2014 Halyard distribution is not stock split.",https://www.sec.gov/Archives/edgar/data/55785/000119312506252528/dex991.htm | https://www.sec.gov/Archives/edgar/data/55785/000162828026007567/0001628280-26-007567-index.html | https://query1.finance.yahoo.com/v8/finance/chart/KMB?period1=1104537600&period2=1790812800&interval=1mo&events=splits,,,,,
KO,Coca-Cola Company (The),fiveYear,pass,,2020,2025,33014000000,47941000000,0.45214151572060346,1.79,3.04,0.6983240223463687,GAAP diluted EPS; 2012 two-for-one split subsequently adjusts EPS. | Historical EPS is retained as reported; comparable EPS is reported EPS divided by the verified remaining split factor.,https://www.sec.gov/Archives/edgar/data/21344/000002134423000011/0000021344-23-000011-index.html | https://www.sec.gov/Archives/edgar/data/21344/000162828026010047/0001628280-26-010047-index.html,,,,,
KO,Coca-Cola Company (The),twentyYear,pass,,2005,2025,23104000000,47941000000,1.0750086565096955,1.02,3.04,1.9803921568627452,GAAP diluted EPS; 2012 two-for-one split subsequently adjusts EPS. | Historical EPS is retained as reported; comparable EPS is reported EPS divided by the verified remaining split factor. | GAAP diluted EPS; 2012 two-for-one split subsequently adjusts EPS. | Historical reported EPS $2.04 divided by the verified remaining share-count factor 2 gives $1.02 on the endpoint share basis.,https://investors.coca-colacompany.com/filings-reports/all-sec-filings/content/0001047469-06-002588/a2167326z10-k.htm | https://www.sec.gov/Archives/edgar/data/21344/000162828026010047/0001628280-26-010047-index.html | https://investors.coca-colacompany.com/stock-info/splits | https://www.sec.gov/Archives/edgar/data/21344/000002134412000023/ | https://query1.finance.yahoo.com/v8/finance/chart/KO?period1=1104537600&period2=1790812800&interval=1mo&events=splits,,,,,
KVUE,Kenvue,fiveYear,short-history,fail,2021,2025,15054000000,15124000000,0.004649926929719772,1.21,0.76,-0.371900826446281,"Kenvue separated from Johnson & Johnson in 2023. The 2023 IPO prospectus contains earlier audited revenue/net income but no comparable historical diluted EPS; the earliest annual-filed revenue/EPS pair is used, not an invented EPS from pro-forma shares. | Kenvue separated from Johnson & Johnson in 2023. The 2023 IPO prospectus contains earlier audited revenue/net income but no comparable historical diluted EPS; the earliest annual-filed revenue/EPS pair is used, not an invented EPS from pro-forma shares.",https://www.sec.gov/Archives/edgar/data/1944048/000194404824000057/0001944048-24-000057-index.html | https://www.sec.gov/Archives/edgar/data/1944048/000194404826000030/0001944048-26-000030-index.html,,,,,
KVUE,Kenvue,twentyYear,short-history,fail,2021,2025,15054000000,15124000000,0.004649926929719772,1.21,0.76,-0.371900826446281,"Kenvue separated from Johnson & Johnson in 2023. The 2023 IPO prospectus contains earlier audited revenue/net income but no comparable historical diluted EPS; the earliest annual-filed revenue/EPS pair is used, not an invented EPS from pro-forma shares. | Kenvue separated from Johnson & Johnson in 2023. The 2023 IPO prospectus contains earlier audited revenue/net income but no comparable historical diluted EPS; the earliest annual-filed revenue/EPS pair is used, not an invented EPS from pro-forma shares.",https://www.sec.gov/Archives/edgar/data/1944048/000194404824000057/0001944048-24-000057-index.html | https://www.sec.gov/Archives/edgar/data/1944048/000194404826000030/0001944048-26-000030-index.html,,,,,
LIN,Linde plc,fiveYear,pass,,2020,2025,27243000000,33986000000,0.24751312263700775,4.7,14.61,2.108510638297872,Praxair is the accounting predecessor: Linde 2018 Note 1 says pre-merger Praxair statements are Linde historical statements. Praxair shares converted 1:1. FY2005 EPS $2.22 excludes the -$0.02 cumulative accounting change included in net EPS $2.20. The 2018 merger changes business scope. | Historical EPS is retained as reported; comparable EPS is reported EPS divided by the verified remaining split factor.,https://www.sec.gov/Archives/edgar/data/1707925/000162828023005434/0001628280-23-005434-index.html | https://www.sec.gov/Archives/edgar/data/1707925/000162828026011430/0001628280-26-011430-index.html,,,,,
LIN,Linde plc,twentyYear,pass,,2005,2025,7656000000,33986000000,3.4391327063740853,2.22,14.61,5.58108108108108,Praxair is the accounting predecessor: Linde 2018 Note 1 says pre-merger Praxair statements are Linde historical statements. Praxair shares converted 1:1. FY2005 EPS $2.22 excludes the -$0.02 cumulative accounting change included in net EPS $2.20. The 2018 merger changes business scope. | Historical EPS is retained as reported; comparable EPS is reported EPS divided by the verified remaining split factor. | Praxair is the accounting predecessor: Linde 2018 Note 1 says pre-merger Praxair statements are Linde historical statements. Praxair shares converted 1:1. FY2005 EPS $2.22 excludes the -$0.02 cumulative accounting change included in net EPS $2.20. The 2018 merger changes business scope.,https://www.sec.gov/Archives/edgar/data/884905/0000884905-06-000030.txt | https://www.sec.gov/Archives/edgar/data/1707925/000162828026011430/0001628280-26-011430-index.html | https://www.sec.gov/Archives/edgar/data/1707925/000162828019003050/plc201810-k.htm | https://query1.finance.yahoo.com/v8/finance/chart/LIN?period1=1104537600&period2=1790812800&interval=1mo&events=splits,,,,,
LOW,Lowe's,fiveYear,fail,,2020,2025,89597000000,86286000000,-0.036954362311238054,7.75,11.85,0.5290322580645161,"FY2005 ended February 3, 2006 includes 53 weeks. Raw EPS precedes the 2006 split. | Historical EPS is retained as reported; comparable EPS is reported EPS divided by the verified remaining split factor.",https://www.sec.gov/Archives/edgar/data/60667/000006066723000034/0000060667-23-000034-index.html | https://www.sec.gov/Archives/edgar/data/60667/000006066726000029/0000060667-26-000029-index.html,,,,,
LOW,Lowe's,twentyYear,pass,,2005,2025,43243000000,86286000000,0.9953749739842286,1.73,11.85,5.8497109826589595,"FY2005 ended February 3, 2006 includes 53 weeks. Raw EPS precedes the 2006 split. | Historical EPS is retained as reported; comparable EPS is reported EPS divided by the verified remaining split factor. | FY2005 ended February 3, 2006 includes 53 weeks. Raw EPS precedes the 2006 split. | Historical reported EPS $3.46 divided by the verified remaining share-count factor 2 gives $1.73 on the endpoint share basis.",https://www.sec.gov/Archives/edgar/data/60667/0000060667-06-000079.txt | https://www.sec.gov/Archives/edgar/data/60667/000006066726000029/0000060667-26-000029-index.html | https://corporate.lowes.com/sites/lowes-corp/files/Annual%20reports%20and%20proxy%20statements/Lowes2006AnnualReport.pdf | https://query1.finance.yahoo.com/v8/finance/chart/LOW?period1=1104537600&period2=1790812800&interval=1mo&events=splits,,,,,
MCD,McDonald's,fiveYear,pass,,2020,2025,19207800000,26885000000,0.39969179187621706,6.31,11.95,0.8938193343898573,"Restated after Chipotle/Boston Market dispositions: use $19,117 million / $2.02, not original $20,460.2 million / $2.04. | Historical EPS is retained as reported; comparable EPS is reported EPS divided by the verified remaining split factor.",https://www.sec.gov/Archives/edgar/data/63908/000006390823000012/0000063908-23-000012-index.html | https://www.sec.gov/Archives/edgar/data/63908/000006390826000035/0000063908-26-000035-index.html,,,,,
MCD,McDonald's,twentyYear,pass,,2005,2025,19117000000,26885000000,0.4063399068891562,2.02,11.95,4.915841584158415,"Restated after Chipotle/Boston Market dispositions: use $19,117 million / $2.02, not original $20,460.2 million / $2.04. | Historical EPS is retained as reported; comparable EPS is reported EPS divided by the verified remaining split factor. | Restated after Chipotle/Boston Market dispositions: use $19,117 million / $2.02, not original $20,460.2 million / $2.04.",https://www.sec.gov/Archives/edgar/data/63908/000119312509037008/d10k.htm | https://www.sec.gov/Archives/edgar/data/63908/000006390826000035/0000063908-26-000035-index.html | https://query1.finance.yahoo.com/v8/finance/chart/MCD?period1=1104537600&period2=1790812800&interval=1mo&events=splits,,,,,
MDT,Medtronic,fiveYear,pass,,2020,2025,28913000000,33537000000,0.1599280600421955,3.54,3.61,0.0197740112994349,Medtronic Inc. is predecessor before 2015 Covidien combination/redomiciliation; acquisition changes reporting scope. | Historical EPS is retained as reported; comparable EPS is reported EPS divided by the verified remaining split factor. | FY2026 annual results are available; FY2025 is retained for the common fiscal-year comparison.,https://www.sec.gov/Archives/edgar/data/1613103/000161310322000023/0001613103-22-000023-index.html | https://www.sec.gov/Archives/edgar/data/1613103/000162828026044354/0001628280-26-044354-index.html,,,,,
MDT,Medtronic,twentyYear,pass,,2005,2025,10054600000,33537000000,2.3354882342410437,1.48,3.61,1.439189189189189,Medtronic Inc. is predecessor before 2015 Covidien combination/redomiciliation; acquisition changes reporting scope. | Historical EPS is retained as reported; comparable EPS is reported EPS divided by the verified remaining split factor. | FY2026 annual results are available; FY2025 is retained for the common fiscal-year comparison. | Medtronic Inc. is predecessor before 2015 Covidien combination/redomiciliation; acquisition changes reporting scope.,https://www.sec.gov/Archives/edgar/data/64670/0000897101-05-001490.txt | https://www.sec.gov/Archives/edgar/data/1613103/000162828026044354/0001628280-26-044354-index.html | https://query1.finance.yahoo.com/v8/finance/chart/MDT?period1=1104537600&period2=1790812800&interval=1mo&events=splits,,,,,
MKC,McCormick & Company,fiveYear,pass,,2020,2025,5601300000,6840300000,0.2211986503133201,2.78,2.93,0.05395683453237421,"Fiscal 2005 ended November 30, 2005. | Historical EPS is retained as reported; comparable EPS is reported EPS divided by the verified remaining split factor.",https://www.sec.gov/Archives/edgar/data/63754/000006375423000005/0000063754-23-000005-index.html | https://www.sec.gov/Archives/edgar/data/63754/000006375426000037/0000063754-26-000037-index.html,,,,,
MKC,McCormick & Company,twentyYear,pass,,2005,2025,2592000000,6840300000,1.6390046296296297,0.78,2.93,2.7564102564102564,"Fiscal 2005 ended November 30, 2005. | Historical EPS is retained as reported; comparable EPS is reported EPS divided by the verified remaining split factor. | Fiscal 2005 ended November 30, 2005. | Historical reported EPS $1.56 divided by the verified remaining share-count factor 2 gives $0.78 on the endpoint share basis.",https://www.sec.gov/Archives/edgar/data/63754/0001104659-06-004340.txt | https://www.sec.gov/Archives/edgar/data/63754/000006375426000037/0000063754-26-000037-index.html | https://ir.mccormick.com/stock-information | https://query1.finance.yahoo.com/v8/finance/chart/MKC?period1=1104537600&period2=1790812800&interval=1mo&events=splits,,,,,
NDSN,Nordson Corporation,fiveYear,pass,,2020,2025,2121100000,2791687000,0.31615058224506143,4.27,8.51,0.9929742388758784,"Fiscal 2005 ended October 30, 2005. | Historical EPS is retained as reported; comparable EPS is reported EPS divided by the verified remaining split factor.",https://www.sec.gov/Archives/edgar/data/72331/000007233122000185/0000072331-22-000185-index.html | https://www.sec.gov/Archives/edgar/data/72331/000007233125000144/0000072331-25-000144-index.html,,,,,
NDSN,Nordson Corporation,twentyYear,pass,,2005,2025,839162000,2791687000,2.32675573965456,1.07,8.51,6.953271028037382,"Fiscal 2005 ended October 30, 2005. | Historical EPS is retained as reported; comparable EPS is reported EPS divided by the verified remaining split factor. | Fiscal 2005 ended October 30, 2005. | Historical reported EPS $2.14 divided by the verified remaining share-count factor 2 gives $1.07 on the endpoint share basis.",https://www.sec.gov/Archives/edgar/data/72331/0000950152-06-000197.txt | https://www.sec.gov/Archives/edgar/data/72331/000007233125000144/0000072331-25-000144-index.html | https://investors.nordson.com/news/news-details/2011/Nordson-Corporation-Board-of-Directors-Declare-2-For-1-Stock-Split/default.aspx | https://query1.finance.yahoo.com/v8/finance/chart/NDSN?period1=1104537600&period2=1790812800&interval=1mo&events=splits,,,,,
NEE,NextEra Energy,fiveYear,pass,,2020,2025,17000000000,25800000000,0.5176470588235293,1.48,3.3,1.2297297297297298,"FPL Group consolidated parent, not FPL subsidiary. FY2005 cumulative change zero; includes GAAP mark-to-market effects. | Historical EPS is retained as reported; comparable EPS is reported EPS divided by the verified remaining split factor.",https://www.sec.gov/Archives/edgar/data/753308/000075330823000019/0000753308-23-000019-index.html | https://www.sec.gov/Archives/edgar/data/753308/000075330826000015/0000753308-26-000015-index.html,,,,,
NEE,NextEra Energy,twentyYear,pass,,2005,2025,11846000000,25800000000,1.177950362991727,0.5725,3.3,4.7641921397379905,"FPL Group consolidated parent, not FPL subsidiary. FY2005 cumulative change zero; includes GAAP mark-to-market effects. | Historical EPS is retained as reported; comparable EPS is reported EPS divided by the verified remaining split factor. | FPL Group consolidated parent, not FPL subsidiary. FY2005 cumulative change zero; includes GAAP mark-to-market effects. | Historical reported EPS $2.29 divided by the verified remaining share-count factor 4 gives $0.5725 on the endpoint share basis.",https://www.sec.gov/Archives/edgar/data/753308/0000753308-06-000032.txt | https://www.sec.gov/Archives/edgar/data/753308/000075330826000015/0000753308-26-000015-index.html | https://www.sec.gov/Archives/edgar/data/753308/000075330820000186/ | https://www.sec.gov/Archives/edgar/data/753308/000075330821000014/ | https://query1.finance.yahoo.com/v8/finance/chart/NEE?period1=1104537600&period2=1790812800&interval=1mo&events=splits,,,,,
NUE,Nucor,fiveYear,pass,,2020,2025,20139658000,32494000000,0.6134335548299779,2.36,7.52,2.1864406779661016,Reported GAAP diluted EPS. | Historical EPS is retained as reported; comparable EPS is reported EPS divided by the verified remaining split factor.,https://www.sec.gov/Archives/edgar/data/73309/000156459023002793/0001564590-23-002793-index.html | https://www.sec.gov/Archives/edgar/data/73309/000119312526071575/0001193125-26-071575-index.html,,,,,
NUE,Nucor,twentyYear,pass,,2005,2025,12700999000,32494000000,1.5583814312559192,4.13,7.52,0.820823244552058,Reported GAAP diluted EPS. | Historical EPS is retained as reported; comparable EPS is reported EPS divided by the verified remaining split factor. | Reported GAAP diluted EPS. | Historical reported EPS $8.26 divided by the verified remaining share-count factor 2 gives $4.13 on the endpoint share basis.,https://www.sec.gov/Archives/edgar/data/73309/0001193125-06-047010.txt | https://www.sec.gov/Archives/edgar/data/73309/000119312526071575/0001193125-26-071575-index.html | https://www.sec.gov/Archives/edgar/data/73309/000119312506114427/d8k.htm | https://query1.finance.yahoo.com/v8/finance/chart/NUE?period1=1104537600&period2=1790812800&interval=1mo&events=splits,,,,,
PEP,PepsiCo,fiveYear,pass,,2020,2025,70372000000,93925000000,0.3346927755357245,5.12,6,0.171875,"Primary SEC-filed earnings release; GAAP continuing diluted EPS, not core or adjusted EPS. | Historical EPS is retained as reported; comparable EPS is reported EPS divided by the verified remaining split factor.",https://www.sec.gov/Archives/edgar/data/77476/000007747623000007/0000077476-23-000007-index.html | https://www.sec.gov/Archives/edgar/data/77476/000007747626000007/0000077476-26-000007-index.html,,,,,
PEP,PepsiCo,twentyYear,pass,,2005,2025,32562000000,93925000000,1.8844972667526565,2.39,6,1.510460251046025,"Primary SEC-filed earnings release; GAAP continuing diluted EPS, not core or adjusted EPS. | Historical EPS is retained as reported; comparable EPS is reported EPS divided by the verified remaining split factor. | Primary SEC-filed earnings release; GAAP continuing diluted EPS, not core or adjusted EPS.",https://www.sec.gov/Archives/edgar/data/77476/000119312506023153/dex991.htm | https://www.sec.gov/Archives/edgar/data/77476/000007747626000007/0000077476-26-000007-index.html | https://query1.finance.yahoo.com/v8/finance/chart/PEP?period1=1104537600&period2=1790812800&interval=1mo&events=splits,,,,,
PG,Procter & Gamble,fiveYear,pass,,2020,2025,70950000000,84284000000,0.18793516560958423,4.96,6.51,0.3125,"Restated for discontinued operations: use $53,210 million / $2.33 rather than original $56,741 million / $2.53. Later separations may change scope further. | Historical EPS is retained as reported; comparable EPS is reported EPS divided by the verified remaining split factor. | FY2026 annual results are available; FY2025 is retained for the common fiscal-year comparison.",https://www.sec.gov/Archives/edgar/data/80424/000008042422000064/0000080424-22-000064-index.html | https://www.sec.gov/Archives/edgar/data/80424/000008042426000103/0000080424-26-000103-index.html,,,,,
PG,Procter & Gamble,twentyYear,pass,,2005,2025,53210000000,84284000000,0.5839879721856793,2.33,6.51,1.7939914163090127,"Restated for discontinued operations: use $53,210 million / $2.33 rather than original $56,741 million / $2.53. Later separations may change scope further. | Historical EPS is retained as reported; comparable EPS is reported EPS divided by the verified remaining split factor. | FY2026 annual results are available; FY2025 is retained for the common fiscal-year comparison. | Restated for discontinued operations: use $53,210 million / $2.33 rather than original $56,741 million / $2.53. Later separations may change scope further.",https://www.sec.gov/Archives/edgar/data/80424/000119312510188769/dex13.htm | https://www.sec.gov/Archives/edgar/data/80424/000008042426000103/0000080424-26-000103-index.html | https://query1.finance.yahoo.com/v8/finance/chart/PG?period1=1104537600&period2=1790812800&interval=1mo&events=splits,,,,,
PNR,Pentair,fiveYear,pass,,2020,2025,3017800000,4176000000,0.3837895155411226,2.13,3.93,0.8450704225352115,Reporting scope later changes with acquisitions and nVent separation. | Historical EPS is retained as reported; comparable EPS is reported EPS divided by the verified remaining split factor.,https://www.sec.gov/Archives/edgar/data/77360/000007736023000006/0000077360-23-000006-index.html | https://www.sec.gov/Archives/edgar/data/77360/000007736026000007/0000077360-26-000007-index.html,,,,,
PNR,Pentair,twentyYear,pass,,2005,2025,2946579000,4176000000,0.417236734531808,1.8,3.93,1.1833333333333336,Reporting scope later changes with acquisitions and nVent separation. | Historical EPS is retained as reported; comparable EPS is reported EPS divided by the verified remaining split factor. | Reporting scope later changes with acquisitions and nVent separation.,https://www.sec.gov/Archives/edgar/data/77360/0000950134-06-003965.txt | https://www.sec.gov/Archives/edgar/data/77360/000007736026000007/0000077360-26-000007-index.html | https://query1.finance.yahoo.com/v8/finance/chart/PNR?period1=1104537600&period2=1790812800&interval=1mo&events=splits,,,,,
PPG,PPG Industries,fiveYear,pass,,2020,2025,13834000000,15875000000,0.14753505855139504,4.44,6.92,0.5585585585585584,FY2005 cumulative accounting change is zero. | Historical EPS is retained as reported; comparable EPS is reported EPS divided by the verified remaining split factor.,https://www.sec.gov/Archives/edgar/data/79879/000007987923000007/0000079879-23-000007-index.html | https://www.sec.gov/Archives/edgar/data/79879/000007987926000046/0000079879-26-000046-index.html,,,,,
PPG,PPG Industries,twentyYear,pass,,2005,2025,10201000000,15875000000,0.5562199784334869,1.745,6.92,2.965616045845272,FY2005 cumulative accounting change is zero. | Historical EPS is retained as reported; comparable EPS is reported EPS divided by the verified remaining split factor. | FY2005 cumulative accounting change is zero. | Historical reported EPS $3.49 divided by the verified remaining share-count factor 2 gives $1.745 on the endpoint share basis.,https://www.sec.gov/Archives/edgar/data/79879/0001193125-06-033428.txt | https://www.sec.gov/Archives/edgar/data/79879/000007987926000046/0000079879-26-000046-index.html | https://www.sec.gov/Archives/edgar/data/79879/000007987915000043/ | https://www.sec.gov/Archives/edgar/data/79879/000007987915000051/ | https://query1.finance.yahoo.com/v8/finance/chart/PPG?period1=1104537600&period2=1790812800&interval=1mo&events=splits,,,,,
ROP,Roper Technologies,fiveYear,pass,,2020,2025,4022400000,7902500000,0.9646231105807479,6.37,14.2,1.2291993720565149,Same issuer under former name; subsequent industrial disposals change scope materially. | Historical EPS is retained as reported; comparable EPS is reported EPS divided by the verified remaining split factor.,https://www.sec.gov/Archives/edgar/data/882835/000088283523000016/0000882835-23-000016-index.html | https://www.sec.gov/Archives/edgar/data/882835/000088283526000009/0000882835-26-000009-index.html,,,,,
ROP,Roper Technologies,twentyYear,pass,,2005,2025,1453731000,7902500000,4.436012577292498,1.74,14.2,7.1609195402298855,Same issuer under former name; subsequent industrial disposals change scope materially. | Historical EPS is retained as reported; comparable EPS is reported EPS divided by the verified remaining split factor. | Same issuer under former name; subsequent industrial disposals change scope materially.,https://www.sec.gov/Archives/edgar/data/882835/0000882835-06-000009.txt | https://www.sec.gov/Archives/edgar/data/882835/000088283526000009/0000882835-26-000009-index.html | https://query1.finance.yahoo.com/v8/finance/chart/ROP?period1=1104537600&period2=1790812800&interval=1mo&events=splits,,,,,
SHW,Sherwin-Williams,fiveYear,pass,,2020,2025,18361700000,23574300000,0.2838843897896164,7.36,10.26,0.3940217391304346,Reported GAAP diluted EPS. | Historical EPS is retained as reported; comparable EPS is reported EPS divided by the verified remaining split factor.,https://www.sec.gov/Archives/edgar/data/89800/000008980023000007/0000089800-23-000007-index.html | https://www.sec.gov/Archives/edgar/data/89800/000008980026000008/0000089800-26-000008-index.html,,,,,
SHW,Sherwin-Williams,twentyYear,pass,,2005,2025,7190661000,23574300000,2.2784607701572916,1.0933333333333333,10.26,8.384146341463415,Reported GAAP diluted EPS. | Historical EPS is retained as reported; comparable EPS is reported EPS divided by the verified remaining split factor. | Reported GAAP diluted EPS. | Historical reported EPS $3.28 divided by the verified remaining share-count factor 3 gives $1.09333 on the endpoint share basis.,https://www.sec.gov/Archives/edgar/data/89800/0000950152-06-001786.txt | https://www.sec.gov/Archives/edgar/data/89800/000008980026000008/0000089800-26-000008-index.html | https://www.sec.gov/Archives/edgar/data/89800/000008980021000016/ | https://www.sec.gov/Archives/edgar/data/89800/000008980021000028/ | https://query1.finance.yahoo.com/v8/finance/chart/SHW?period1=1104537600&period2=1790812800&interval=1mo&events=splits,,,,,
SJM,J.M. Smucker Company (The),fiveYear,fail,,2020,2025,7801000000,8726100000,0.11858736059479558,6.84,-11.57,-2.6915204678362574,"Diluted continuing EPS $2.26, not net EPS $2.24. | Historical EPS is retained as reported; comparable EPS is reported EPS divided by the verified remaining split factor. | FY2026 annual results are available; FY2025 is retained for the common fiscal-year comparison.",https://www.sec.gov/Archives/edgar/data/91419/000009141922000049/0000091419-22-000049-index.html | https://www.sec.gov/Archives/edgar/data/91419/000009141926000050/0000091419-26-000050-index.html,,,,,
SJM,J.M. Smucker Company (The),twentyYear,fail,,2005,2025,2043877000,8726100000,3.269386073623804,2.26,-11.57,-6.119469026548673,"Diluted continuing EPS $2.26, not net EPS $2.24. | Historical EPS is retained as reported; comparable EPS is reported EPS divided by the verified remaining split factor. | FY2026 annual results are available; FY2025 is retained for the common fiscal-year comparison. | Diluted continuing EPS $2.26, not net EPS $2.24.",https://www.sec.gov/Archives/edgar/data/91419/0000950152-05-005873.txt | https://www.sec.gov/Archives/edgar/data/91419/000009141926000050/0000091419-26-000050-index.html | https://query1.finance.yahoo.com/v8/finance/chart/SJM?period1=1104537600&period2=1790812800&interval=1mo&events=splits,,,,,
SPGI,S&P Global,fiveYear,pass,,2020,2025,7442000000,15336000000,1.0607363611932277,9.66,14.66,0.5175983436853002,Same issuer under former name McGraw-Hill; includes Education business subsequently divested. May 2005 split already reflected. | Historical EPS is retained as reported; comparable EPS is reported EPS divided by the verified remaining split factor.,https://www.sec.gov/Archives/edgar/data/64040/000006404023000058/0000064040-23-000058-index.html | https://www.sec.gov/Archives/edgar/data/64040/000006404026000013/0000064040-26-000013-index.html,,,,,
SPGI,S&P Global,twentyYear,pass,,2005,2025,6003642000,15336000000,1.5544494491843452,2.21,14.66,5.633484162895928,Same issuer under former name McGraw-Hill; includes Education business subsequently divested. May 2005 split already reflected. | Historical EPS is retained as reported; comparable EPS is reported EPS divided by the verified remaining split factor. | Same issuer under former name McGraw-Hill; includes Education business subsequently divested. May 2005 split already reflected.,https://www.sec.gov/Archives/edgar/data/64040/0000950123-06-002219.txt | https://www.sec.gov/Archives/edgar/data/64040/000006404026000013/0000064040-26-000013-index.html | https://query1.finance.yahoo.com/v8/finance/chart/SPGI?period1=1104537600&period2=1790812800&interval=1mo&events=splits,,,,,
SWK,Stanley Black & Decker,fiveYear,fail,,2020,2025,12750000000,15130400000,0.18669803921568628,6.97,2.65,-0.6197991391678623,"The Stanley Works is the accounting predecessor before the 2010 Black & Decker merger. FY2005 diluted EPS from continuing operations was $3.18, versus total diluted EPS of $3.16. | Historical EPS is retained as reported; comparable EPS is reported EPS divided by the verified remaining split factor.",https://www.sec.gov/Archives/edgar/data/93556/000009355623000007/0000093556-23-000007-index.html | https://www.sec.gov/Archives/edgar/data/93556/000009355626000009/0000093556-26-000009-index.html,,,,,
SWK,Stanley Black & Decker,twentyYear,fail,,2005,2025,3285300000,15130400000,3.6054850394180136,3.18,2.65,-0.16666666666666674,"The Stanley Works is the accounting predecessor before the 2010 Black & Decker merger. FY2005 diluted EPS from continuing operations was $3.18, versus total diluted EPS of $3.16. | Historical EPS is retained as reported; comparable EPS is reported EPS divided by the verified remaining split factor. | The Stanley Works is the accounting predecessor before the 2010 Black & Decker merger. FY2005 diluted EPS from continuing operations was $3.18, versus total diluted EPS of $3.16.",https://www.sec.gov/Archives/edgar/data/93556/0000950136-06-001493.txt | https://www.sec.gov/Archives/edgar/data/93556/000009355626000009/0000093556-26-000009-index.html | https://query1.finance.yahoo.com/v8/finance/chart/SWK?period1=1104537600&period2=1790812800&interval=1mo&events=splits,,,,,
SYY,Sysco,fiveYear,pass,,2020,2025,52893310000,81370000000,0.538379806444331,0.42,3.73,7.880952380952381,"Fiscal 2005 ended July 2, 2005. | Historical EPS is retained as reported; comparable EPS is reported EPS divided by the verified remaining split factor. | FY2026 annual results are available; FY2025 is retained for the common fiscal-year comparison.",https://www.sec.gov/Archives/edgar/data/96021/000009602122000151/0000096021-22-000151-index.html | https://www.sec.gov/Archives/edgar/data/96021/000009602126000033/0000096021-26-000033-index.html,,,,,
SYY,Sysco,twentyYear,pass,,2005,2025,30281914000,81370000000,1.6870824611680755,1.47,3.73,1.5374149659863945,"Fiscal 2005 ended July 2, 2005. | Historical EPS is retained as reported; comparable EPS is reported EPS divided by the verified remaining split factor. | FY2026 annual results are available; FY2025 is retained for the common fiscal-year comparison. | Fiscal 2005 ended July 2, 2005.",https://www.sec.gov/Archives/edgar/data/96021/0000950129-05-009240.txt | https://www.sec.gov/Archives/edgar/data/96021/000009602126000033/0000096021-26-000033-index.html | https://query1.finance.yahoo.com/v8/finance/chart/SYY?period1=1104537600&period2=1790812800&interval=1mo&events=splits,,,,,
TGT,Target Corporation,fiveYear,fail,,2020,2025,93561000000,104780000000,0.11991107405863555,8.64,8.13,-0.05902777777777779,"FY2005 ended January 28, 2006; total revenue includes $1,349 million net credit card revenues in addition to $51,271 million sales. | Historical EPS is retained as reported; comparable EPS is reported EPS divided by the verified remaining split factor.",https://www.sec.gov/Archives/edgar/data/27419/000002741923000015/0000027419-23-000015-index.html | https://www.sec.gov/Archives/edgar/data/27419/000002741926000016/0000027419-26-000016-index.html | https://www.sec.gov/Archives/edgar/data/27419/000002741922000007/0000027419-22-000007-index.html,,,,,
TGT,Target Corporation,twentyYear,pass,,2005,2025,52620000000,104780000000,0.9912580767768908,2.71,8.13,2.0000000000000004,"FY2005 ended January 28, 2006; total revenue includes $1,349 million net credit card revenues in addition to $51,271 million sales. | Historical EPS is retained as reported; comparable EPS is reported EPS divided by the verified remaining split factor. | FY2005 ended January 28, 2006; total revenue includes $1,349 million net credit card revenues in addition to $51,271 million sales.",https://www.sec.gov/Archives/edgar/data/27419/0001104659-06-024036.txt | https://www.sec.gov/Archives/edgar/data/27419/000002741926000016/0000027419-26-000016-index.html | https://query1.finance.yahoo.com/v8/finance/chart/TGT?period1=1104537600&period2=1790812800&interval=1mo&events=splits,,,,,
TROW,T. Rowe Price,fiveYear,fail,,2020,2025,6206700000,7314800000,0.17853287576328802,9.98,9.24,-0.07414829659318634,"Net revenue of $1,512.164 million equals total revenue of $1,515.815 million less banking interest expense of $3.651 million. The contemporary endpoint uses the same net revenue concept. | Historical EPS is retained as reported; comparable EPS is reported EPS divided by the verified remaining split factor.",https://www.sec.gov/Archives/edgar/data/1113169/000111316923000007/0001113169-23-000007-index.html | https://www.sec.gov/Archives/edgar/data/1113169/000162828026008002/0001628280-26-008002-index.html,,,,,
TROW,T. Rowe Price,twentyYear,pass,,2005,2025,1512164000,7314800000,3.8373060064913593,1.575,9.24,4.866666666666667,"Net revenue of $1,512.164 million equals total revenue of $1,515.815 million less banking interest expense of $3.651 million. The contemporary endpoint uses the same net revenue concept. | Historical EPS is retained as reported; comparable EPS is reported EPS divided by the verified remaining split factor. | Net revenue of $1,512.164 million equals total revenue of $1,515.815 million less banking interest expense of $3.651 million. The contemporary endpoint uses the same net revenue concept. | Historical reported EPS $3.15 divided by the verified remaining share-count factor 2 gives $1.575 on the endpoint share basis.",https://www.sec.gov/Archives/edgar/data/1113169/0000950133-06-000779.txt | https://www.sec.gov/Archives/edgar/data/1113169/000162828026008002/0001628280-26-008002-index.html | https://investors.troweprice.com/node/12431/html | https://query1.finance.yahoo.com/v8/finance/chart/TROW?period1=1104537600&period2=1790812800&interval=1mo&events=splits,,,,,
WMT,Walmart,fiveYear,pass,,2020,2025,523964000000,680985000000,0.29967898557916195,1.7300000000000002,2.41,0.3930635838150289,"Total revenue includes $285,222 million net sales plus $2,767 million membership and other income. Fiscal year 2005 ended January 31, 2005; the 2024 three-for-one split adjusts EPS. | Historical EPS is retained as reported; comparable EPS is reported EPS divided by the verified remaining split factor. | FY2026 annual results are available; FY2025 is retained for the common fiscal-year comparison. | FY2020 EPS divided by 3 for the subsequent stock split; unadjusted value and company source retained. | Historical reported EPS $5.19 divided by the verified remaining share-count factor 3 gives $1.73 on the endpoint share basis.",https://www.sec.gov/Archives/edgar/data/104169/000010416922000012/0000104169-22-000012-index.html | https://www.sec.gov/Archives/edgar/data/104169/000010416926000055/0000104169-26-000055-index.html | https://corporate.walmart.com/news/2024/01/30/walmart-announces-3-for-1-stock-split,,,,,
WMT,Walmart,twentyYear,pass,,2005,2025,287989000000,680985000000,1.364621565407012,0.8033333333333333,2.41,2.0,"Total revenue includes $285,222 million net sales plus $2,767 million membership and other income. Fiscal year 2005 ended January 31, 2005; the 2024 three-for-one split adjusts EPS. | Historical EPS is retained as reported; comparable EPS is reported EPS divided by the verified remaining split factor. | FY2026 annual results are available; FY2025 is retained for the common fiscal-year comparison. | Total revenue includes $285,222 million net sales plus $2,767 million membership and other income. Fiscal year 2005 ended January 31, 2005; the 2024 three-for-one split adjusts EPS. | Historical reported EPS $2.41 divided by the verified remaining share-count factor 3 gives $0.803333 on the endpoint share basis.",https://www.sec.gov/Archives/edgar/vprr/0505/05051289.pdf | https://www.sec.gov/Archives/edgar/data/104169/000010416926000055/0000104169-26-000055-index.html | https://corporate.walmart.com/news/2024/01/30/walmart-announces-3-for-1-stock-split | https://www.sec.gov/Archives/edgar/data/104169/000010416924000105/ | https://query1.finance.yahoo.com/v8/finance/chart/WMT?period1=1104537600&period2=1790812800&interval=1mo&events=splits,,,,,
WST,West Pharmaceutical Services,fiveYear,pass,,2020,2025,2146900000,3074100000,0.4318785225208439,4.57,6.79,0.48577680525164113,"Diluted continuing EPS $1.39, not net EPS $1.40. | Historical EPS is retained as reported; comparable EPS is reported EPS divided by the verified remaining split factor.",https://www.sec.gov/Archives/edgar/data/105770/000010577023000012/0000105770-23-000012-index.html | https://www.sec.gov/Archives/edgar/data/105770/000010577026000010/0000105770-26-000010-index.html,,,,,
WST,West Pharmaceutical Services,twentyYear,pass,,2005,2025,699700000,3074100000,3.393454337573246,0.695,6.79,8.769784172661872,"Diluted continuing EPS $1.39, not net EPS $1.40. | Historical EPS is retained as reported; comparable EPS is reported EPS divided by the verified remaining split factor. | Diluted continuing EPS $1.39, not net EPS $1.40. | Historical reported EPS $1.39 divided by the verified remaining share-count factor 2 gives $0.695 on the endpoint share basis.",https://www.sec.gov/Archives/edgar/data/105770/0001104659-06-014167.txt | https://www.sec.gov/Archives/edgar/data/105770/000010577026000010/0000105770-26-000010-index.html | https://www.sec.gov/Archives/edgar/data/105770/000010577013000038/exh993stocksplitdividendan.htm | https://query1.finance.yahoo.com/v8/finance/chart/WST?period1=1104537600&period2=1790812800&interval=1mo&events=splits,,,,,
XOM,ExxonMobil,fiveYear,pass,,2020,2025,178574000000,323905000000,0.8138418806769183,-5.25,6.7,,"Sales and other operating revenue excludes $7,583 million affiliate income and $4,142 million other income. Includes $30,742 million excise taxes and $30,810 million gross buy/sell contracts. Match the 2025 accounting basis before comparing. | Historical EPS is retained as reported; comparable EPS is reported EPS divided by the verified remaining split factor. | The July 2026 holding-company redomiciliation exchanged shares one-for-one; financial history uses verified predecessor Exxon Mobil Corporation (CIK 34088). | REVENUE BASIS CHANGED: FY2005 reported sales of $358.955bn include $30.742bn excise taxes and $30.810bn gross buy/sell transactions, unlike the later presentation. Removing these explicitly disclosed items gives an illustrative $297.403bn base; against FY2025 sales of $323.905bn that is +8.9%. The main as-reported revenue decline, and therefore the full-period result, is sensitive to this accounting presentation change. | Growth percentage is undefined for a zero or negative starting value; the endpoint change is shown instead.",https://www.sec.gov/Archives/edgar/data/34088/000003408821000012/xom-20201231.htm | https://www.sec.gov/Archives/edgar/data/34088/000003408826000045/xom-20251231.htm | https://www.sec.gov/Archives/edgar/data/34088/000003408823000020/0000034088-23-000020-index.html | https://www.sec.gov/Archives/edgar/data/34088/000003408826000045/0000034088-26-000045-index.html,,,,,
XOM,ExxonMobil,twentyYear,fail,,2005,2025,358955000000,323905000000,-0.09764455154545837,5.71,6.7,0.17338003502626975,"Sales and other operating revenue excludes $7,583 million affiliate income and $4,142 million other income. Includes $30,742 million excise taxes and $30,810 million gross buy/sell contracts. Match the 2025 accounting basis before comparing. | Historical EPS is retained as reported; comparable EPS is reported EPS divided by the verified remaining split factor. | The July 2026 holding-company redomiciliation exchanged shares one-for-one; financial history uses verified predecessor Exxon Mobil Corporation (CIK 34088). | REVENUE BASIS CHANGED: FY2005 reported sales of $358.955bn include $30.742bn excise taxes and $30.810bn gross buy/sell transactions, unlike the later presentation. Removing these explicitly disclosed items gives an illustrative $297.403bn base; against FY2025 sales of $323.905bn that is +8.9%. The main as-reported revenue decline, and therefore the full-period result, is sensitive to this accounting presentation change. | Sales and other operating revenue excludes $7,583 million affiliate income and $4,142 million other income. Includes $30,742 million excise taxes and $30,810 million gross buy/sell contracts. Match the 2025 accounting basis before comparing.",https://www.sec.gov/Archives/edgar/data/34088/0001193125-06-040951.txt | https://www.sec.gov/Archives/edgar/data/34088/000003408826000045/xom-20251231.htm | https://query1.finance.yahoo.com/v8/finance/chart/XOM?period1=1104537600&period2=1790812800&interval=1mo&events=splits | https://www.sec.gov/Archives/edgar/data/34088/000003408826000045/0000034088-26-000045-index.html,The revenue decline and main fail result are sensitive to changed excise-tax and gross buy/sell presentation.,297403000000,323905000000,0.0891114077531161,"Illustrative FY2005 sales excluding the disclosed $30.742bn excise taxes and $30.810bn gross buy/sell transactions: $358.955bn - $30.742bn - $30.810bn = $297.403bn. This is a separate derived comparison, not the main reported-GAAP screen."
